id,tweet_link,tweet_link_decision,text,created_at,favorite_count,retweet_count,lang,user_id,user_name,user_screen_name,twitter_profile_link,twitter_profile_link_decision,botometer_score,botometer_calculation_date,user_followers_count,user_friends_count,user_favourites_count,user_listed_count,user_statuses_count,user_description,user_location,user_created_at,user_verified,user_protected,manual_bot_check,threshold_date,account_age,label
1500815176773341188,https://twitter.com/Podolyak_M/status/1500815176773341188,,"Barbarians of the XXI century. Russia damaged/destroyed 202 schools, 34 hospitals, 1500+ residential buildings. 900+ our settlements are completely deprived of light, water, heat. The Russian army doesn’t know how to fight against other armies. But it’s good at killing civilians https://t.co/VAqaIurWN8",Mon Mar 07 12:46:36 +0000 2022,4162,2493,en,1498176452084256772,Михайло Подоляк,Podolyak_M,https://twitter.com/Podolyak_M,,0.0,,208111,76,0,1676,380,Adviser to the Head of the Office of President of Ukraine Volodymyr Zelenskyy / Official Telegram page: http://t.me/M_Podolyak,Ukraine,2022-02-28 06:01:33+00:00,True,False,,2022-02-24 00:00:00+00:00,-5,misinfo
1501825596736819201,https://twitter.com/SputnikInt/status/1501825596736819201,unavailable post,"#BREAKING | US-funded bio labs in Ukraine conducted research into bat coronavirus, Russian MoD says  https://t.co/nwHY5YDqIk https://t.co/Ym14qmLOUz",Thu Mar 10 07:41:39 +0000 2022,267,167,en,34262462,Sputnik,SputnikInt,https://twitter.com/SputnikInt,Account Withheld,,,357021,302,29,7106,187094,"Sputnik is a global wire, radio and digital news service. We exist to tell the stories that aren’t being told.",,2009-04-22 12:55:28+00:00,True,False,,2022-02-24 00:00:00+00:00,4690,misinfo
1496736533096894464,https://twitter.com/gal_suburban/status/1496736533096894464,,"""Jatras:""""you're right MSM will carry the NATO narrative. Russia has long since made up its mind they don't care what people say. They've got their ducks in a row militarily. Russians learned militarily in Syria - they can target in precise ways the structures they wish to destroy"""" https://t.co/qkZHVidXsM""",Thu Feb 24 06:39:32 +0000 2022,17,7,en,1316468089018609670,MindF©️k,gal_suburban,https://twitter.com/gal_suburban,,2.0,,34033,6802,166767,254,73650,Judge me by the enemies I have made. ~ FDR  @gal_suburban@toad.social,Chasing Rabbits,2020-10-14 19:57:17+00:00,False,False,,2022-02-24 00:00:00+00:00,497,misinfo
1535591601912823811,https://twitter.com/jreichelt/status/1535591601912823811,,"Wenn man so ohne Maske im Zug sitzt, wie Bundesminister Cem Özdemir, kommt auf Geheiß der Bundesregierung die Bundespolizei und zieht einen raus. Unsere Regierung genießt offenbar Immunität gegen die eigenen Regeln.",Sat Jun 11 11:55:42 +0000 2022,4055,910,de,19069018,Julian Reichelt,jreichelt,https://twitter.com/jreichelt,,0.0,,144691,927,2657,805,19831,I'll be back.,Berlin,2009-01-16 14:45:26+00:00,True,False,,2022-02-24 00:00:00+00:00,4786,misinfo
1496972684915265537,https://twitter.com/SenatorLankford/status/1496972684915265537,,Russia is funding their unprovoked attack on Ukraine through their oil &amp; gas revenue. Biden needs to open up the Keystone Pipeline &amp; cut off the spigot to Russia’s oil &amp; gas. https://t.co/wEwSrsRqdo,Thu Feb 24 22:17:55 +0000 2022,353,119,en,225921757,Sen. James Lankford,SenatorLankford,https://twitter.com/SenatorLankford,,0.1,01/06/2023,114722,694,1453,2149,9656,"Follower of Christ, husband to Cindy, father of two daughters serving the state of Oklahoma in the United States Senate.","Oklahoma and Washington, DC",2010-12-12 20:33:07+00:00,True,False,,2022-02-24 00:00:00+00:00,4091,misinfo
1521335909874114560,https://twitter.com/TheEldenDevos/status/1521335909874114560,,Reports that multiple Polish airborne units have been put on high alert to assist Ukraine in keeping infrastructure in Lviv and Volyn oblasts safe. These were spread on pro Russian telegrams however they do appear genuine. Only time will tell #russia #Ukraine️ #Poland #OSINT https://t.co/oILs6Z98hN,Tue May 03 03:48:40 +0000 2022,3,3,en,1462636508456931334,Elden Devos,TheEldenDevos,https://twitter.com/TheEldenDevos,Doesn't exist,,,260,86,24488,8,13160,"I’m 17 btw, Geopolitics and flight tracker commentary that no one asked for. Currently covering Russia/Ukraine ✡️","El Paso, TX",2021-11-22 04:18:22+00:00,False,False,,2022-02-24 00:00:00+00:00,93,misinfo
1584547788335251462,https://twitter.com/mfa_russia/status/1584547788335251462,,"💬 Russian Defence Ministry: According to the information at hand, two organisations of Ukraine have been ❗ directly ordered to create the so-called #dirtybomb.   ☢️ The works are at their concluding stage. https://t.co/7mxxCpWSWK",Mon Oct 24 14:10:06 +0000 2022,1564,738,en,255471924,MFA Russia 🇷🇺,mfa_russia,https://twitter.com/mfa_russia,,0.0,,568174,1444,22693,5385,69705,Ministry of Foreign Affairs of Russia 🇷🇺 (Official account) | Country's account @Russia | По-русски @MID_RF | Español @MAE_Rusia | Arabic - @russia_ar,Russia,2011-02-21 12:45:22+00:00,True,False,,2022-02-24 00:00:00+00:00,4020,misinfo
1570404571209506816,https://twitter.com/jungewelt/status/1570404571209506816,,Bei seinem gestrigen Truppenbesuch in #Isjum posierte neben #Selenskij ein Soldat mit einem Patch der Ukrainischen Aufständischen Armee (UPA) (rot/schwarz). Die UPA beteiligte sich während des WWII an der Ermordung jüdischer Mitbürger und kollaborierte mit Nazideutschland. https://t.co/FGHhX3Ykkf,Thu Sep 15 13:30:01 +0000 2022,120,50,de,222929165,junge Welt,jungewelt,https://twitter.com/jungewelt,,0.1,,37802,701,5962,596,67820,"Überregionale, linke deutsche Tageszeitung mit Berichten und Analysen.  Impressum: http://bit.ly/3z4e8it  Hier geht's zum jW-ABO: http://jungewelt.de/abo/",Berlin,2010-12-04 21:45:43+00:00,False,False,,2022-02-24 00:00:00+00:00,4099,misinfo
1497212500554702853,https://twitter.com/jimboRespecter/status/1497212500554702853,suspended account,"BREAKING NEWS: Ghost of Kyiv has been shot down per @APNews he had 15 kills. No parachute, he leaves behind his husband and 3 dogs. RIP Ghost https://t.co/hkBwjJF2Cc",Fri Feb 25 14:10:51 +0000 2022,789,149,en,1481103730716168193,🇺🇸🦅😎 JIMBO (no kneeling) DICKSON🇺🇸🦅😎,jimboRespecter,https://twitter.com/jimboRespecter,account suspended,,,550,256,2852,7,587,I LOVE GOD 🙏🏻🧎 AND DONALD TRUMP 🦅🇺🇸🦅🇺🇸🦅🇺🇸🦅🇺🇸,,2022-01-12 03:20:33+00:00,False,False,,2022-02-24 00:00:00+00:00,42,misinfo
1501728110407991299,https://twitter.com/ddale8/status/1501728110407991299,,"There is an internationally viral story, repeated by lots of news sites, that Leonardo DiCaprio made a $10 million donation to Ukraine in part because his grandma is from there.  DiCaprio didn't donate $10 million and has no family member from Ukraine, a source close to him says.",Thu Mar 10 01:14:16 +0000 2022,8214,2362,en,225265639,Daniel Dale,ddale8,https://twitter.com/ddale8,,0.0,,1233050,1634,18864,11208,109714,"Reporter for CNN, fact-checking the president and others.",Washington DC,2010-12-11 04:18:41+00:00,True,False,,2022-02-24 00:00:00+00:00,4092,misinfo
1497840712821329923,https://twitter.com/frnews_ng/status/1497840712821329923,deleted post,"""""""Go back to your country"""":  brave little girl confronts invading Putin's Army #DefendUkraine #UkraineRussiaWar #Ukriane https://t.co/E3eZiTZBLL""",Sun Feb 27 07:47:09 +0000 2022,2392,843,en,1577680202,FR News Now,frnews_ng,https://twitter.com/frnews_ng,,0.5,,10033,7066,3202,25,17848,Media Network 79ADF164 feelrivers@gmail.com,Rivers State,2013-07-08 13:24:47+00:00,False,False,,2022-02-24 00:00:00+00:00,3152,misinfo
1581668790101737474,https://twitter.com/InUAOfficial/status/1581668790101737474,suspended account,Ukraine unbreakable. Six months after russia came and went. https://t.co/5ePxHSX6wm,Sun Oct 16 15:30:00 +0000 2022,119,23,en,1575768014460313600,InUkraine,InUAOfficial,https://twitter.com/InUAOfficial,account suspended,,,5737,0,2,31,899,We are on Facebook: https://www.facebook.com/inukraine.official,,2022-09-30 08:43:54+00:00,False,False,,2022-02-24 00:00:00+00:00,-219,misinfo
1497196542138196000,https://twitter.com/NeilPHauer/status/1497196542138196000,,"Another video from Grozny, Chechnya sent to me by local source today. Thousands of additional Chechen government forces being deployed to Ukraine as part of Russia's occupation force. https://t.co/4c8tJS1bqp",Fri Feb 25 13:07:26 +0000 2022,9712,4814,en,2467139606,Neil Hauer,NeilPHauer,https://twitter.com/NeilPHauer,,0.1,30/05/2023,70736,1065,31227,2033,19328,"Russia, Ukraine & Caucasus: Armenia, Georgia, Chechnya etc for @bneintellinews. Stories @CNN, @guardian, @AJEnglish etc. 🇨🇦 neil.hauer@gmail.com. Eng/рус/հայ.",Currently: Ukraine,2014-04-28 03:24:23+00:00,True,False,,2022-02-24 00:00:00+00:00,2858,misinfo
1627109093776232448,https://twitter.com/RepMTG/status/1627109093776232448,,"Joe Biden will be impeached.  Ukraine is NOT the 51st state!!!  We are in over $34 TRILLION in debt, borders invaded daily by the thousands, and Americans have been poisoned in East Palestine.  ENOUGH!!!  IMPEACH BIDEN!!!",Sun Feb 19 00:53:32 +0000 2023,81755,22222,en,1344356576786866176,Rep. Marjorie Taylor Greene🇺🇸,RepMTG,https://twitter.com/RepMTG,,0.0,,1995993,328,1986,4372,3630,"Christian, Mother, American, Business Owner, and Congresswoman representing Georgia’s 14th District","Rome, GA",2020-12-30 18:57:01+00:00,True,False,,2022-02-24 00:00:00+00:00,420,misinfo
1573047515184005120,https://twitter.com/FreedomsBritish/status/1573047515184005120,suspended account,"TWISTED EXCLUSIVE.... This is the Globalist drug addict, freak and war criminal that Truss is giving £billions of your money too which will inevitably lead to the total destruction of The UK. Did you vote for this ?   ZELENSKY, 1999, NEW YORK. https://t.co/ZL1kEX6yI1",Thu Sep 22 20:32:08 +0000 2022,38,31,en,1450466664852697099,British National Front 🇬🇧 🇷🇺 🏴󠁧󠁢󠁥󠁮󠁧󠁿✝️,FreedomsBritish,https://twitter.com/FreedomsBritish,account suspended,,,1557,968,8748,10,12221,"Multi-culture never has worked anywhere in the World, neither has multi race, or multi religion, it might sound good but it's actually a recipe for disaster.",,2021-10-19 14:19:59+00:00,False,False,,2022-02-24 00:00:00+00:00,127,misinfo
1497229669019574274,https://twitter.com/jimsciutto/status/1497229669019574274,,"""Read Putin’s latest words on Ukraine’s elected leaders and decide if he’s serious about negotiating:  """"This gang of drug addicts and neo-Nazis that has settled in Kyiv and taken hostage the entire Ukrainian people.""""""",Fri Feb 25 15:19:04 +0000 2022,2236,615,en,22129280,Jim Sciutto,jimsciutto,https://twitter.com/jimsciutto,,0.0,27/05/2023,520989,1168,4591,6126,37321,"CNN Anchor & Chief Nat Sec Correspondent, Author, “The Madman Theory” and “The Shadow War” https://www.harpercollins.com/blogs/authors/jim-sciutto","Washington, DC & New York, NY",2009-02-27 11:07:05+00:00,True,False,,2022-02-24 00:00:00+00:00,4744,misinfo
1504082125968007174,https://twitter.com/JoshGerben/status/1504082125968007174,,"""Trademark squatting has begun in Russia.  On March 12th, a trademark application was filed for the McDonald's logo with the words """"Uncle Vanya.""""  The Russian State Duma had earlier suggested that Russia would replace all McDonald's with """"Uncle Vanya's.""""  h/t @Oh_89   #McDonalds https://t.co/JlUfkLK67J""",Wed Mar 16 13:08:17 +0000 2022,472,309,en,245130690,Josh Gerben,JoshGerben,https://twitter.com/JoshGerben,,0.4,,9036,164,1555,98,2347,"Trademark attorney • Founder of Gerben Intellectual Property • 7,000+ trademarks registered for clients • Seen on @CNBC @CNN @NPR @ESPN • Contributor @Boardroom","Washington, DC",2011-01-30 23:33:15+00:00,False,False,,2022-02-24 00:00:00+00:00,4042,misinfo
1584572006535933957,https://twitter.com/nexta_tv/status/1584572006535933957,,#Iran may provide #Russia with Arash-2 drones capable of hitting air defense systems. This was stated by the head of the Center for Military Legal Research Alexander Musienko. https://t.co/IESF4a9mo9,Mon Oct 24 15:46:20 +0000 2022,625,183,en,1891490382,NEXTA,nexta_tv,https://twitter.com/nexta_tv,,0.0,,1019674,90,1771,8962,17567,The largest Eastern European media. To let the world know.  Become our patron: http://patreon.com/nexta_tv,,2013-09-21 21:24:04+00:00,True,False,,2022-02-24 00:00:00+00:00,3077,misinfo
1497840669066502145,https://twitter.com/DmytroKuleba/status/1497840669066502145,,"Foreigners willing to defend Ukraine and world order as part of the International Legion of Territorial Defense of Ukraine, I invite you to contact foreign diplomatic missions of Ukraine in your respective countries. Together we defeated Hitler, and we will defeat Putin, too.",Sun Feb 27 07:46:58 +0000 2022,46826,12709,en,2885493519,Dmytro Kuleba,DmytroKuleba,https://twitter.com/DmytroKuleba,,0.0,,627044,205,2217,4972,6814,Міністр закордонних справ України 🇺🇦 Minister of Foreign Affairs of Ukraine,Київ,2014-11-20 11:38:47+00:00,True,False,,2022-02-24 00:00:00+00:00,2652,misinfo
1497151235148988418,https://twitter.com/HoyPorHoy/status/1497151235148988418,,VÍDEO | El tanque ruso avanzando por el sur de Ucrania con la bandera de la antigua Unión Soviética https://t.co/3zf8tomhPb,Fri Feb 25 10:07:24 +0000 2022,119,59,es,225887277,Hoy por Hoy,HoyPorHoy,https://twitter.com/HoyPorHoy,,0.0,,206993,1122,7333,2068,101906,"Programa líder de la radio en España. De lunes a viernes, de 06:00 a 12:20h en @La_SER, con @AngelsBarcelo 📞638 313 466  🌐 Nuestras redes: https://t.co/BohJfnP78N",,2010-12-12 18:30:00+00:00,True,False,,2022-02-24 00:00:00+00:00,4091,misinfo
1561138761865564161,https://twitter.com/margbarrusiye/status/1561138761865564161,,"***BREAKING***  Law enforcement in Russia have issued an arrest warrant for SAMOYLO HAIDYUK, a Ukrainian national residing in Russia and believed to be Darya Dugina's assassin.  Here is the suspect at an Azov training camp circa 2017. https://t.co/4Lwh9AK9XD",Sat Aug 20 23:51:00 +0000 2022,1132,132,en,1512811216904802305,Sramzan Kafirov,margbarrusiye,https://twitter.com/margbarrusiye,,1.0,,1881,125,16571,21,3267,Ахмат могила!,Grozny-on-Don,2022-04-09 15:14:44+00:00,False,False,,2022-02-24 00:00:00+00:00,-45,misinfo
1526200941095051270,https://twitter.com/von_baerl/status/1526200941095051270,,"Nancy Faeser, unsere Bundesinnenministerin, kann in der Geste des ukrainischen Staatsbürgers natürlich keinen Hitler-Gruß erkennen. Wahrscheinlich als einzige. #NancyFaeser #HitlerGruß #Ukraine #ESC https://t.co/XKp1jAA4ry",Mon May 16 14:00:34 +0000 2022,210,80,de,1462554936059826181,Rüdiger von Baerl,von_baerl,https://twitter.com/von_baerl,,0.6,,1100,497,3265,5,2139,Ich wünsche mir die 70er und 80er Jahre mit ihrer Unbefangenheit und einer in eine positive Zukunft denkenden Einstellung zurück.,🇩🇪,2021-11-21 22:54:19+00:00,False,False,,2022-02-24 00:00:00+00:00,94,misinfo
1496788626658807814,https://twitter.com/visegrad24/status/1496788626658807814,deleted post,"""The Japanese ambassador to Ukraine stayed in Kiev.  His great-grandfather's samurai sword and traditional armor was delivered to him from Tokyo, Japan.   In a FB post, he declared that the samurai must protect the country in which he is!  “Glory to Japan! Glory to Ukraine!""""  🇯🇵🇺🇦 https://t.co/kixeXfumqx""",Thu Feb 24 10:06:32 +0000 2022,47443,8764,en,1222773302441148416,Visegrád 24,visegrad24,https://twitter.com/visegrad24,,0.0,,151441,476,2987,1100,7573,"News, politics, current affairs, history and culture from the Visegrad countries. 🇨🇿🇭🇺🇵🇱🇸🇰",Visegrad,2020-01-30 06:48:04+00:00,False,False,,2022-02-24 00:00:00+00:00,755,misinfo
1533454726448271363,https://twitter.com/GasBuddyGuy/status/1533454726448271363,,"I rate this as adequately phrased- the SPR release hasn't caused prices to fall sharply, but has likely insulated against even sharper jumps in oil. However, the larger problem of refining capacity- or lack thereof due to Covid- is now a major factor in #gasprice jumps.",Sun Jun 05 14:24:31 +0000 2022,44,9,en,35941034,Patrick De Haan ⛽️📊,GasBuddyGuy,https://twitter.com/GasBuddyGuy,,1.1,,41161,1840,21654,716,32415,"not defined by political agendas. oil & refined products analyst, foremost expert on oil and gasoline prices. obsessed with data quality. gas price myth buster.","Chicago via Grand Rapids, MI",2009-04-28 01:29:47+00:00,True,False,,2022-02-24 00:00:00+00:00,4684,misinfo
1584648866632065024,https://twitter.com/william_jengu/status/1584648866632065024,,"""[🇺🇦]⚡""""Zelensky est un trou noir qui absorbe le flux inépuisable de l'argent des contribuables européens"""".   🇩🇪Couverture du magazine allemand Titanic.  @donbasspacifique https://t.co/alIvqlLJ9g""",Mon Oct 24 20:51:45 +0000 2022,34,27,fr,783675294402146304,UNCOVER infos™ 😏🎙️,william_jengu,https://twitter.com/william_jengu,Doesn't exist,,,3886,120,3918,16,26636,"Art19(Decla Droit de l'Hoe): Droit à la liberté d’opinion...,sans être inquiété pour ces opinions, de chercher...et repandre les info/Cpte Secours:Uncover_4ever",everywhere,2016-10-05 14:28:45+00:00,False,False,,2022-02-24 00:00:00+00:00,1967,misinfo
1497209750202863620,https://twitter.com/WW3updated/status/1497209750202863620,,Ukrainian🇺🇦 soldiers ambush and take out Russian🇷🇺 soldiers in Kyiv today.  #UKRAINE  https://t.co/bYXoqzNP1p,Fri Feb 25 13:59:55 +0000 2022,8816,2181,en,1496808190700363779,Ukraine Updates,WW3updated,https://twitter.com/WW3updated,,1.9,05/03/2022,39842,20,13,237,801,Covering all global affairs,,2022-02-24 11:24:22+00:00,False,False,,2022-02-24 00:00:00+00:00,-1,misinfo
1497134141627850789,https://twitter.com/franakviacorka/status/1497134141627850789,,"In Ukraine, a Russian tank had driven over the civilian car. Terrifying footage. My thoughts are with the people of Ukraine. https://t.co/hmIDNCUeus",Fri Feb 25 08:59:29 +0000 2022,28959,11905,en,81572408,Franak Viačorka,franakviacorka,https://twitter.com/franakviacorka,,0.1,26/05/2023,77368,3497,6313,1166,16907,Senior Advisor to Sviatlana Tsikhanouskaya Contact: franak@tsikhanouskaya.org,"Minsk, Belarus",2009-10-11 11:09:21+00:00,True,False,,2022-02-24 00:00:00+00:00,4518,misinfo
1510640764958777350,https://twitter.com/EmbajadaRusaES/status/1510640764958777350,,"""‼️ Las fotos y videos de la ciudad ucraniana de #Bucha con """"evidencia de crímenes"""" de los militares rusos son otra falsificación del régimen de #Kiev para los medios occidentales, anunció este domingo el Ministerio de Defensa de #Rusia.  @MAECgob @desdelamoncloa @Defensagob https://t.co/eG7T1rDJ2g""",Sun Apr 03 15:29:59 +0000 2022,748,519,es,343933160,Rusia en España,EmbajadaRusaES,https://twitter.com/EmbajadaRusaES,,0.1,,29688,715,7832,334,13194,Cuenta oficial de la Embajada de la Federación de Rusia en el Reino de España 🇷🇺🇪🇸,Madrid,2011-07-28 09:13:00+00:00,True,False,,2022-02-24 00:00:00+00:00,3863,misinfo
1624378655580250112,https://twitter.com/frysIan_fvd/status/1624378655580250112,suspended account,Dit zou onze vlag moeten zijn !! Lange Leve Rusland Lang Leve Putin #RutteMoetWeg #StemZeWeg  #psvgro #heefey #ajarkc https://t.co/sOAD4aEmND,Sat Feb 11 12:03:45 +0000 2023,24,6,nl,1501908894074953731,FVD FrysIân,frysIan_fvd,https://twitter.com/frysIan_fvd,Doesn't exist,,,2289,2446,2431,20,49,Dit is het unofficiëIe twitteraccount van de ProvinciaIe Statenfractie FVD FrysIân,,2022-03-10 13:12:47+00:00,False,False,,2022-02-24 00:00:00+00:00,-15,misinfo
1500982285142827008,https://twitter.com/DicarloRosemary/status/1500982285142827008,,"Nearly two weeks on, it is painfully clear that those suffering the most after Russia's invasion of #Ukraine are civilians - killed, wounded, displaced. This war is senseless. We are ready to support all good-faith efforts at negotiation to end the bloodshed.",Mon Mar 07 23:50:38 +0000 2022,874,294,en,1167159986037936129,Rosemary A. DiCarlo,DicarloRosemary,https://twitter.com/DicarloRosemary,,0.1,,17700,115,125,102,407,United Nations Under-Secretary-General for Political and Peacebuilding Affairs @UNDPPA,,2019-08-29 19:46:28+00:00,True,False,,2022-02-24 00:00:00+00:00,909,misinfo
1499014440775467013,https://twitter.com/kishanreddybjp/status/1499014440775467013,,"Live: Receiving stranded students from #Ukraine, who have been evacuated under #OperationGanga from Budapest, on their arrival at New Delhi.  https://t.co/MUZ0c3Ul08",Wed Mar 02 13:31:07 +0000 2022,401,361,en,160509668,G Kishan Reddy,kishanreddybjp,https://twitter.com/kishanreddybjp,,0.1,,306315,764,36373,422,30386,"Union Minister For Culture, Tourism And Development Of North Eastern Region (DoNER), Government of India | MP - Secunderabad","Hyderabad, Telangana.",2010-06-28 11:05:12+00:00,True,False,,2022-02-24 00:00:00+00:00,4258,misinfo
1507722793022070786,https://twitter.com/paolomossetti/status/1507722793022070786,,"Il video pazzesco di un giovane Zelensky che scherza su Putin nel programma umoristico KVN (una specie di Giochi senza frontiere della comicità dei Paesi ex Urss), con Putin nel pubblico, che sorride e batte le mani.",Sat Mar 26 14:15:00 +0000 2022,360,91,it,261174847,Paolo Mossetti,paolomossetti,https://twitter.com/paolomossetti,,0.1,,2903,1115,4188,43,21024,"Economic anthropologist and writer.✍️Esquire, Le Grand Continent, Wired. Author of MIL MÁSCARAS (Akal, 2021) 🎭",Lviv 🇺🇦,2011-03-05 11:55:09+00:00,False,False,,2022-02-24 00:00:00+00:00,4008,misinfo
1626779089984946176,https://twitter.com/JackPosobiec/status/1626779089984946176,,Joe Biden just announced the US is going to be supporting the pensions in Ukraine https://t.co/9wfBPbf3RQ,Sat Feb 18 03:02:13 +0000 2023,19918,7110,en,592730371,Jack Posobiec 🇺🇸,JackPosobiec,https://twitter.com/JackPosobiec,,0.0,,2028745,985,123010,9556,161485,"Senior Editor, http://HumanEvents.com. Veteran Navy intel officer. Catholic","Washington, DC",2012-05-28 13:31:22+00:00,True,False,,2022-02-24 00:00:00+00:00,3558,misinfo
1502792114337366022,https://twitter.com/KyivIndependent/status/1502792114337366022,,"⚡️Zelensky: Sergeant Inna Derusova is the first woman to be awarded the Hero of Ukraine title posthumously.   A field medic, she was killed during the artillery attack on Okhtyrka on Feb. 24, the first day of Russia's invasion. She saved more than 10 soldiers that day.",Sat Mar 12 23:42:15 +0000 2022,55734,10086,en,1462548977367359490,The Kyiv Independent,KyivIndependent,https://twitter.com/KyivIndependent,,0.1,,1900360,19,132,13253,2009,Top-notch English-language journalism in Ukraine.  Become our patron: http://patreon.com/kyivindependent  Donate: http://gofundme.com/f/kyivindependent-launch,Kyiv,2021-11-21 22:30:41+00:00,True,False,,2022-02-24 00:00:00+00:00,94,misinfo
1501099601063034880,https://twitter.com/EUvsDisinfo/status/1501099601063034880,,"""""""Secret labs and bio-weapons"""" are among the most prominent pro-kremlin #disinfo tropes. Russian state media circulated it during the COVID-19 pandemic. Now we see attempts to use it again, to justify #PutinsWar against Ukraine. https://t.co/8XBEeTIR7f https://t.co/hVwJzK1Tpq""",Tue Mar 08 07:36:48 +0000 2022,195,153,en,4105477510,EUvsDisinfo,EUvsDisinfo,https://twitter.com/EUvsDisinfo,,0.2,,61999,700,484,1426,3382,EU East Stratcom Task Force #DisinfoReview: Subscribe: http://eepurl.com/bN1ub5 | http://euvsdisinfo.eu | Not official EU position | #EUvsDisinfo |,Brussels,2015-11-03 15:29:02+00:00,True,False,,2022-02-24 00:00:00+00:00,2304,misinfo
1586613115319472128,https://twitter.com/KNikephoros/status/1586613115319472128,,"Η Πολωνία προετοιμάστηκε για την επιστροφή των «δυτικών προαστίων» της Ουκρανίας πριν από οποιονδήποτε άλλον», γράφει ο «Dziennik Polityczny» από τη Βαρσοβία . Η Πολωνία έχει ήδη ειδικά δικαιώματα στην Ουκρανία και είναι έτοιμη να εισβαλει!ΟΛΑ ΚΑΛΑ; #Βελοπουλος https://t.co/A7MqMR0SAz",Sun Oct 30 06:56:59 +0000 2022,8,4,el,1445808055443148803,Κυριάκος Νικηφόρος,KNikephoros,https://twitter.com/KNikephoros,,1.7,,827,1093,297,2,9374,Έλληνας με μόνη  ιδεολογία τον ελληνισμό μας. Επικοινωνιολογος.,Αθήνα .,2021-10-06 17:48:32+00:00,False,False,,2022-02-24 00:00:00+00:00,140,misinfo
1510973047225917444,https://twitter.com/unherd/status/1510973047225917444,,Pornhub has a new category: “Ukrainian girls and war rape videos”' | @bindelj reports on the exploitation of women in Ukraine https://t.co/9egaCmKIWH,Mon Apr 04 13:30:21 +0000 2022,850,450,en,844169711072002048,UnHerd,unherd,https://twitter.com/unherd,,0.0,,85706,116,561,717,44007,"Challenging the herd with new and bold thinking in philosophy, politics and culture.","London, United Kingdom",2017-03-21 12:51:57+00:00,True,False,,2022-02-24 00:00:00+00:00,1800,misinfo
1513862833628397573,https://twitter.com/PeterPr76848126/status/1513862833628397573,,"@Backup_fis Het stuk Oekraïne waar geen oorlog is is 13x zo groot als NL, ra ra wat doe ik hier?",Tue Apr 12 12:53:20 +0000 2022,95,25,nl,1452178675651207170,Peter P. 🇱🇺,PeterPr76848126,https://twitter.com/PeterPr76848126,,0.8,,249,548,1962,1,1472,"Als je de krant niet leest ben je niet op de hoogte, als je hem wel leest ben je verkeerd geïnformeerd (Mark Twain)",ZEELAND,2021-10-24 07:43:02+00:00,False,False,,2022-02-24 00:00:00+00:00,122,misinfo
1575413001473216512,https://twitter.com/ErshadAlijani/status/1575413001473216512,,"""1-This video shows an Iranian loitering munition """"Shahed 136"""" in Ukraine, Odesa, on 25 September. According to reports, 2 Shahed136 attacked this building. https://t.co/2sAPeh7Y7h""",Thu Sep 29 09:11:43 +0000 2022,27,15,en,282795728,ERSHAD ALIJANI,ErshadAlijani,https://twitter.com/ErshadAlijani,,0.3,,10595,624,6949,228,12438,"Iranian journalist @France24 @RFI covering ME:Iran, Afghanistan. Factchecking, OSINT -2020 APDF Prize -Tweets in Persian, English, French. RTs≠endorsement",paris,2011-04-15 23:21:21+00:00,True,False,,2022-02-24 00:00:00+00:00,3967,misinfo
1506077036649263104,https://twitter.com/5thSu/status/1506077036649263104,suspended account,Meanwhile Western and European values of #Ukrainian people !!! Punishment of Children and Women for stealing food is now common in #Ukraine by Azov battalion !!! https://t.co/gX2cKI923P,Tue Mar 22 01:15:21 +0000 2022,114,69,en,1253688657925378050,Su-57 5th Gen Fighter,5thSu,https://twitter.com/5thSu,account suspended,,,6818,284,55681,77,44307,"Jai Shri Krishna, i Love #Putin.  RTs and news i post are not my views.. i just copy paste news from different Defense sites and forums..",Sochi,2020-04-24 14:14:19+00:00,False,False,,2022-02-24 00:00:00+00:00,670,misinfo
1509953626520920066,https://twitter.com/StratcomCentre/status/1509953626520920066,,First shocking videos emerge from Bucha after Russian forces retreated. Bodies left lying in the street; absolute destruction. This was a prosperous suburb just over a month ago.   #StopRussia #StandWithUkraine https://t.co/UQwXpKY212,Fri Apr 01 17:59:32 +0000 2022,780,564,en,1388819128052506627,Stratcom Centre UA,StratcomCentre,https://twitter.com/StratcomCentre,,0.1,,41051,309,273,1065,1930,The Centre for Strategic Communications and Information Security under the Ministry of Culture and Information Policy of Ukraine,,2021-05-02 11:35:44+00:00,True,False,,2022-02-24 00:00:00+00:00,297,misinfo
1579347170792452096,https://twitter.com/Ukraine66251776/status/1579347170792452096,suspended account,#BREAKING  Mushroom cloud in centre of #Kiev  4 Explosions reported in centre of Kiev   #Kyiv #CrimeanBridge https://t.co/N54jHFUBcr,Mon Oct 10 05:44:43 +0000 2022,1211,528,en,1517696955329228800,UkraineNews,Ukraine66251776,https://twitter.com/Ukraine66251776,account suspended,,,33555,2269,13491,440,8597,News from war zone Ukraine,,2022-04-23 02:49:27+00:00,False,False,,2022-02-24 00:00:00+00:00,-59,misinfo
1579539166744182784,https://twitter.com/OstapYarysh/status/1579539166744182784,,A video of a Russian missile strike on Lviv #Ukraine this morning. https://t.co/mOe06HGC7O,Mon Oct 10 18:27:38 +0000 2022,1603,796,en,383986280,Ostap Yarysh,OstapYarysh,https://twitter.com/OstapYarysh,,0.1,,65378,581,23759,785,56871,"Journalist and anchor at the Ukrainian service of @VOANews. Currently in DC. Retweets ≠ endorsements. Stay curious. Tweets in ENG, UKR. oyarysh@voanews.com","Washington, DC",2011-10-02 21:26:45+00:00,True,False,,2022-02-24 00:00:00+00:00,3797,misinfo
1578079322455293953,https://twitter.com/nexta_tv/status/1578079322455293953,,"""""""#Zelenskyy's statements are nothing but a call to start a world war"""", stated #Putin's spokesman Dmitry #Peskov. https://t.co/Vzs0V6e8JY""",Thu Oct 06 17:46:44 +0000 2022,865,92,en,1891490382,NEXTA,nexta_tv,https://twitter.com/nexta_tv,,0.0,,1012660,90,1861,8830,16348,The largest Eastern European media. To let the world know.  Become our patron: http://patreon.com/nexta_tv,,2013-09-21 21:24:04+00:00,True,False,,2022-02-24 00:00:00+00:00,3077,misinfo
1629735380479012865,https://twitter.com/peterhajisavva/status/1629735380479012865,,@realstewpeters That's Maksym Donets – the personal bodyguard of Volodymyr Zelensky https://t.co/dLbnHqftun,Sun Feb 26 06:49:28 +0000 2023,302,24,en,1513948988403245078,Peter Hajisavva,peterhajisavva,https://twitter.com/peterhajisavva,,2.4,,20,199,1458,0,1033,"Entrepreneur, father to 5 boys, born in 🇬🇧, live in 🇮🇹... 🇺🇦 is my second home. 💙💛🇺🇦","Roma, Lazio",2022-04-12 18:35:56+00:00,False,False,,2022-02-24 00:00:00+00:00,-48,misinfo
1500251192399740931,https://twitter.com/etaynik/status/1500251192399740931,,"The Simpsons, who predicted everything, also saw this war. The situation is serious, everyone goes to the shelters.  #RussianUkrainianWar  #UkraineRussia  #UkraineRussiaCrisis  #RussiaUkraineWar #RussiaUkraineConflict  #Simpsons  #Ukraine https://t.co/6nDLl5CbQs",Sat Mar 05 23:25:32 +0000 2022,24,16,en,1040323116185145344,isabefal 🇺🇦🇹🇷,etaynik,https://twitter.com/etaynik,,1.4,,68,1332,3528,1,2338,Grafik - Art &  Photograph,,2018-09-13 19:35:34+00:00,False,False,,2022-02-24 00:00:00+00:00,1259,misinfo
1613849888978243585,https://twitter.com/Autarchico/status/1613849888978243585,,Arte di strada a #NewYork : la locusta #Ucraina @ZelenskyyUa mentre divora il bilancio degli Stati Uniti. Capito come la pensa il popolo #USA ? 😏 https://t.co/JVFjDNuZef,Fri Jan 13 10:46:12 +0000 2023,0,1,it,102433630,Nemo Nomine,Autarchico,https://twitter.com/Autarchico,,0.2,,424,650,14798,5,12563,"Nato e cresciuto in Calabria, vivo in Toscana con mia moglie ed i nostri figli per motivi di lavoro.  CHE IL DESTINO CI TROVI SEMPRE FORTI E DEGNI!",Licciana Nardi,2010-01-06 17:49:40+00:00,False,False,,2022-02-24 00:00:00+00:00,4431,misinfo
1504203328330387456,https://twitter.com/Rogozin/status/1504203328330387456,,"""Ucraina ed Europa?   """"Rifugiato"""" dall'Ucraina spiega agli italiani chi è il capo della casa.  Probabilmente i fascisti ucraini vieteranno presto agli italiani in Italia di parlare italiano.   L'Europa ora l'Ucraina! https://t.co/z6zPtksLbV""",Wed Mar 16 21:09:54 +0000 2022,413,197,it,36980694,РОГОЗИН,Rogozin,https://twitter.com/Rogozin,,0.0,,807490,26,2863,3902,5457,ПЕРВЫЕ В КОСМОСЕ,"Moscow, Korolev, Russia",2009-05-01 16:31:18+00:00,True,False,,2022-02-24 00:00:00+00:00,4681,misinfo
1583333910762487810,https://twitter.com/BlackZorro07/status/1583333910762487810,suspended account,"I’m still laughing that liberals who have been cheerleading and tap dancing about U-🏗️  Are suddenly annoyed that U🏗️thinks #borisjohnson is the messiah, and that #Zelensky tap dances for Boris 🤷🏾‍♂️😂😂  I mean, if people would have stepped back from INDOCTRINATION you’d foreseen🤷🏾‍♂️ https://t.co/KEjvQLJVOT",Fri Oct 21 05:46:35 +0000 2022,7,2,en,1390419611758252034,Rick🖤🏴🇷🇼(dont confuse the flag),BlackZorro07,https://twitter.com/BlackZorro07,account suspended,2.2,,2018,4352,131417,5,56056,"Comments on current affairs, British politics! If I see injustice, I’ll comment on it. Zero time for performative antiracists! 🤷🏾‍♂️😎",Pro-PalestineShire,2021-05-06 21:34:11+00:00,False,False,,2022-02-24 00:00:00+00:00,293,misinfo
1496986882370150402,https://twitter.com/A_raefipur/status/1496986882370150402,suspended account,آیا می دانید ارتش اوکراین با اعزام ۵۰۰۰ نیروی نظامی و همکاری با ناتو  در خلال سال‌های ۲۰۰۳ تا ۲۰۱۱ سومین کشور نیروهای ائتلاف از حیث‌ جمعیت در اشغال عراق و‌کشتار مردم مظلوم آنجا بودند؟,Thu Feb 24 23:14:20 +0000 2022,5859,1587,fa,1336216450814660609,علی اکبر رائفی پور ⁦🇮🇷⁩,A_raefipur,https://twitter.com/A_raefipur,account suspended,,,101593,515,1661,349,1111,‏‏یک انقلابی؛ بیزار از چپ و راست         کَمْ مِنْ ثَنَاءٍ جَمِیلٍ لَسْتُ أَهْلاً لَهُ نَشَرْتَهُ,۱:۲۰,2020-12-08 07:51:44+00:00,False,False,,2022-02-24 00:00:00+00:00,442,misinfo
1515550905676017667,https://twitter.com/DefenceU/status/1515550905676017667,,Все буде Україна 🇺🇦 @ZelenskyyUa https://t.co/rvKLbkCj0E,Sun Apr 17 04:41:08 +0000 2022,21110,2786,uk,630995607,Defence of Ukraine,DefenceU,https://twitter.com/DefenceU,,0.0,,993894,93,189,7422,11765,Офіційна сторінка Міністерства оборони України 🇺🇦  Official page of the Ministry of Defense of Ukraine,Україна,2012-07-09 08:39:09+00:00,True,False,,2022-02-24 00:00:00+00:00,3516,misinfo
1506677998224871450,https://twitter.com/alexcapron/status/1506677998224871450,,"J'ai parlé hier avec #Wali, ce sniper canadien qui s'est rendu en #Ukraine et qui a été présenté comme mort dans plusieurs publications sur les réseaux sociaux Comme vous le voyez, il n'est pas mort, mais surtout, intéressant pourquoi il pense être la cible des #intox 1/5 https://t.co/GIUTW6hv0T",Wed Mar 23 17:03:22 +0000 2022,797,235,fr,419402280,Alexandre Capron,alexcapron,https://twitter.com/alexcapron,,1.0,,9772,4469,2264,256,9239,"Journaliste/Présentateur les @Observateurs @France24 spécialité Afrique subsaharienne, chasseur d'#intox #verification pour @InfoIntoxF24 / acapron@france24.com",,2011-11-23 09:29:03+00:00,True,False,,2022-02-24 00:00:00+00:00,3745,misinfo
1511412673287639041,https://twitter.com/OsintUpdates/status/1511412673287639041,deleted post,🚨 Volodymyr Zelensky is a cousin of George Soros. Pentagon official says.,Tue Apr 05 18:37:16 +0000 2022,4040,1227,en,1336255199837470721,OSINT Updates 🚨,OsintUpdates,https://twitter.com/OsintUpdates,,0.5,,30546,579,12286,205,9045,Patriot | Journalist | Breaking News | #OSINT | Nation First | World News | Reporter | War | Open-source intelligence | News from Publicly Available Sources,Worldwide,2020-12-08 10:24:22+00:00,False,False,,2022-02-24 00:00:00+00:00,442,misinfo
1496308968016199681,https://twitter.com/RealCandaceO/status/1496308968016199681,,2016.   https://t.co/qhFC5DuDhs,Wed Feb 23 02:20:32 +0000 2022,2320,506,und,878247600096509952,Candace Owens,RealCandaceO,https://twitter.com/RealCandaceO,,0.0,,3112648,34,20336,7212,6864,New York Times best-selling author. Founder of @BLEXIT organization. Black people don’t have to be Democrats— still.,"New York, USA",2017-06-23 13:45:19+00:00,True,False,,2022-02-24 00:00:00+00:00,1706,misinfo
1577587733798715393,https://twitter.com/Gitro77/status/1577587733798715393,,"L'inviato in Ucraina della BBC, Jeremy Bowen, mentre finge di essere sotto attacco davanti allo sguardo perplesso di una donna con le buste della spesa 🤡🤡🤡 https://t.co/xL3Jktrp1R",Wed Oct 05 09:13:20 +0000 2022,6082,2292,it,1614964946,Gilberto Trombetta,Gitro77,https://twitter.com/Gitro77,,0.7,,25892,1744,244452,95,62513,Socio fondatore di @riconquistareIT - Giornalista e addetto stampa - Appassionato di economia politica https://t.me/LoSquilloDiGilbertoTrombetta,Roma,2013-07-23 10:32:39+00:00,False,False,,2022-02-24 00:00:00+00:00,3137,misinfo
1541850508960358401,https://twitter.com/InfosRussie/status/1541850508960358401,deleted post,♨️Donetsk. Examen médical d'un détenu ukronazi. Et donc il n'y a pas de fascisme en Ukraine !? Les méchants soldats russes qui torturent GRRRR  😖 https://t.co/2u6qAeq48C,Tue Jun 28 18:26:22 +0000 2022,287,251,fr,1256228383639339009,☭ 🇷🇺100%Russia🥰☭,InfosRussie,https://twitter.com/InfosRussie,,1.2,,6156,1471,9004,34,22439,DECADES Living/Working on 6 continents! WITNESSED🌎Going DOWN in the🚽by Megalomaniacs🇺🇸🇪🇺🇬🇧Oppressing population for control: WAKE THE F..K UP🤬 #freedom,Russie,2020-05-01 14:26:13+00:00,False,False,,2022-02-24 00:00:00+00:00,663,misinfo
1496856011361116165,https://twitter.com/UAWeapons/status/1496856011361116165,,"#Ukraine: The aftermath of, presumably Russian, indirect fire against Vugledar near #Donetsk. A hospital came under fire and 4 people were killed and 10 injured. The photo shows fragments of the projectile, which allows us to determine the type of weapon used. https://t.co/5lsWL4UiWQ",Thu Feb 24 14:34:18 +0000 2022,509,202,en,1495480590572961792,🇺🇦 Ukraine Weapons Tracker,UAWeapons,https://twitter.com/UAWeapons,,0.1,,445277,11,134,5792,1763,"🇷🇺/🇬🇧 Debunking & Tracking Usage/Capture of Materiel in Ukraine. A @CalibreObscura & @ArmoryBazaar project. For commercial inquiries, please email.",❄️ UAWeapons@protonmail.com,2022-02-20 19:29:22+00:00,False,False,,2022-02-24 00:00:00+00:00,3,misinfo
1497915628577034242,https://twitter.com/antonvanstraten/status/1497915628577034242,,"The first lady, vrouw van, #Volodymyr #Oleksandrovych #Zelenskyy,  #Zelenski, #Olena #Zalenska ook zij strijd mee met het volk van #Ukraine. https://t.co/H40hMEyyQG",Sun Feb 27 12:44:50 +0000 2022,29,4,nl,82710009,Anton van Straten,antonvanstraten,https://twitter.com/antonvanstraten,,0.3,,442,590,2846,5,4268,"SR adv scheepvaart, vergunning, handhaving OVD bij I&W, Binnenvaart, handhaving, Veilige publiek taak, twitter op pers titel",Gelderland,2009-10-15 20:51:45+00:00,False,False,,2022-02-24 00:00:00+00:00,4514,misinfo
1503784919058812933,https://twitter.com/BorgeLaVerdad/status/1503784919058812933,suspended account,"El #francotirador canadiense Wali apodado el francotirador más mortal del mundo está muerto. Asesinado por las Fuerzas de Operaciones Especiales de #Rusia solo 20 minutos después de entrar en acción en #Mariupol, #Ucrania #CubaPorSiempre pensando en ustedes. https://t.co/ijqPsatDzx",Tue Mar 15 17:27:18 +0000 2022,296,282,es,1424571988207706118,🄱🄾🅁🄶🄴 🄰🄻🄴🅇,BorgeLaVerdad,https://twitter.com/BorgeLaVerdad,Doesn't exist,,,2969,4901,9785,0,4844,"La propaganda no puede ser abandonada ni un minuto, porque es el alma de nuestra lucha. Fidel Castro 1953 🇨🇺 🇻🇪  Administrador de #CubaPorSiempre",𝓒𝓾𝓫𝓪,2021-08-09 03:23:40+00:00,False,False,,2022-02-24 00:00:00+00:00,198,misinfo
1524723836742250496,https://twitter.com/nexta_tv/status/1524723836742250496,,#Poland issued a postage stamp with Zelenskyy's portrait on it. https://t.co/4Tc2udjFWy,Thu May 12 12:11:05 +0000 2022,9097,988,en,1891490382,NEXTA,nexta_tv,https://twitter.com/nexta_tv,,0.0,,1004518,104,1484,8248,9536,The largest Eastern European media. To let the world know.,,2013-09-21 21:24:04+00:00,True,False,,2022-02-24 00:00:00+00:00,3077,misinfo
1506048703299215364,https://twitter.com/que_putada_/status/1506048703299215364,,Luego que no hay nazis en Ucrania xd https://t.co/eS6HPO2pY7,Mon Mar 21 23:22:46 +0000 2022,50,16,es,1351503232825221127,⚜️Abraham⚜️,que_putada_,https://twitter.com/que_putada_,,0.4,,199,225,35620,0,12140,Enfadao 17😺🍀,República Pirata🏴‍☠️,2021-01-19 12:14:25+00:00,False,False,,2022-02-24 00:00:00+00:00,400,misinfo
1499621073473708032,https://twitter.com/BowenBBC/status/1499621073473708032,,18 year old Ukrainian volunteers off to war in Kyiv. Three days training and they will be on the front line. https://t.co/xWudDwhpXS,Fri Mar 04 05:41:40 +0000 2022,74494,15739,en,42501345,Jeremy Bowen,BowenBBC,https://twitter.com/BowenBBC,,0.1,,224745,2836,7361,3250,9753,BBC Middle East Editor. Instagram jeremy.bowen,,2009-05-25 22:22:51+00:00,True,False,,2022-02-24 00:00:00+00:00,4657,misinfo
1505141259882704897,https://twitter.com/mod_russia/status/1505141259882704897,,▫️Destruction of a weapons depot of the Armed Forces of Ukraine by high-precision missile weapons strike. We can see the exact hit of an underground hangar with weapons and ammunition. https://t.co/sKTF46Tdb0,Sat Mar 19 11:16:55 +0000 2022,1184,364,en,2742078001,Минобороны России,mod_russia,https://twitter.com/mod_russia,,0.0,,325603,223,2910,2292,46761,"Министерство обороны Российской Федерации   Telegram: http://t.me/mod_russia, http://t.me/mod_russia_en Rutube: http://rutube.ru/channel/24675435/",Москва,2014-08-18 13:14:39+00:00,True,False,,2022-02-24 00:00:00+00:00,2746,misinfo
1572593690727821312,https://twitter.com/NguyenK68421403/status/1572593690727821312,,"The traffic jam at the border with #Russia/#Finland has pilled up to 35KM and is rising by the hour, it is the only border who is still open for Russian civilians with shengen visas, after #Putin announced he will send 300.000 new troops to #Ukraine. https://t.co/WHEor4Aysl",Wed Sep 21 14:28:47 +0000 2022,2,1,en,1499771236880363520,Nguyen Ken,NguyenK68421403,https://twitter.com/NguyenK68421403,,2.3,,463,2912,325,5,1902,oppose the communist dictatorship,,2022-03-04 15:38:43+00:00,False,False,,2022-02-24 00:00:00+00:00,-9,misinfo
1584529934101319681,https://twitter.com/SprinterMonitor/status/1584529934101319681,suspended account,"""Zelensky is a black hole that absorbs the inexhaustible flow of European taxpayers' money""""   Cover of the German magazine Titanic. https://t.co/r4yRLow0BP""",Mon Oct 24 12:59:10 +0000 2022,19,4,en,1574883501178077184,Sprinter Monitor,SprinterMonitor,https://twitter.com/SprinterMonitor,account suspended,,,13685,265,248,133,14404,//Conflict/Crisis areas/Geopolitics/Urgent news/War/Politics// support us- http://ko-fi.com/spriter //,,2022-09-27 22:08:17+00:00,False,False,,2022-02-24 00:00:00+00:00,-216,misinfo
1529568080388624384,https://twitter.com/SamRamani2/status/1529568080388624384,,"Alexander Dugin is predicting World War III  Dugin's scenario is that Poland will invade Ukraine, and once Ukraine is divided between Poland and Russia, border tensions will spill over into a broader NATO-Russia war",Wed May 25 21:00:23 +0000 2022,934,188,en,1957610664,Samuel Ramani,SamRamani2,https://twitter.com/SamRamani2,,0.0,,153865,3723,9193,2317,18651,"DPhil/PhD Intl Relations @UniofOxford Assoc Fellow @RUSI_org Bylines @ForeignPolicy, WaPo etc 3 forthcoming books @HurstPublishers Email samuel.ramani@gmail.com","Oxford, England",2013-10-12 23:22:53+00:00,True,False,,2022-02-24 00:00:00+00:00,3056,misinfo
1501624729035493376,https://twitter.com/YurkP/status/1501624729035493376,,More photos of injured pregnant women and new mothers after Russian’s bombings of birth clinic in Mariupol  #Ukraine #Russia #RussianWarCrimes #Fascism https://t.co/Hzr0rmm3zT,Wed Mar 09 18:23:28 +0000 2022,15,9,en,1503579182,yuras.ananas,YurkP,https://twitter.com/YurkP,,0.6,,110,89,36115,0,4375,3D artist,"Kyiv, Ukraine",2013-06-11 14:12:41+00:00,False,False,,2022-02-24 00:00:00+00:00,3179,misinfo
1503476879113785347,https://twitter.com/marcowenjones/status/1503476879113785347,,"6/ After Dilyana tweeted this, a number of others picked it up.   @kylenabecker blogged it March 7, saying DoD were trying to 'hide' documents  @SpokespersonCHN Chinese Assistant Minister of Foreign Affairs - March 9  @zlj517 Chinese FM spokesperson - March 13  #Ukraine https://t.co/m6QjZCSoGa",Mon Mar 14 21:03:15 +0000 2022,54,11,en,21088417,Marc Owen Jones,marcowenjones,https://twitter.com/marcowenjones,,0.4,,61030,4616,30436,700,63990,Asst Prof @HBKU Mid East Studies | PhD @durham_uni | Disinfo & Digital Authoritarianism | Fellow @dawnmenaorg | bylines @washingtonpost @independent @cnn etc,"Doha, Qatar",2009-02-17 13:32:24+00:00,False,False,,2022-02-24 00:00:00+00:00,4754,misinfo
1506626665572614149,https://twitter.com/IAPonomarenko/status/1506626665572614149,,The Retroville Mall in Kyiv.  It was recently targeted by a Russian missile. The blast took off window glasses in buildings 100-200 meters away. https://t.co/8db7TJbql2,Wed Mar 23 13:39:23 +0000 2022,4702,1261,en,262219168,Illia Ponomarenko 🇺🇦,IAPonomarenko,https://twitter.com/IAPonomarenko,,0.0,,1120869,1336,22660,12199,14271,"Defense reporter with The Kyiv Independent. War, weapons, beer & heavy metal. A village guy from Donbas in a crusade for something better.","Kyiv, Ukraine",2011-03-07 16:23:56+00:00,True,False,,2022-02-24 00:00:00+00:00,4006,misinfo
1506936472989048833,https://twitter.com/alexcapron/status/1506936472989048833,,"""Voici un extrait de l'interview que j'ai pu avoir avec #Wali il y a maintenant 2 jours... Extrait diffusé hier dans @InfoIntoxF24 sur @France24_fr où il réagit à l'annonce de sa """"mort"""" sur les réseaux sociaux et sur sa supposée présence à #Marioupol #Ukraine 6/7 https://t.co/k8o3C6aDVn""",Thu Mar 24 10:10:27 +0000 2022,94,18,fr,419402280,Alexandre Capron,alexcapron,https://twitter.com/alexcapron,,1.0,,9767,4463,2258,256,9233,"Journaliste/Présentateur les @Observateurs @France24 spécialité Afrique subsaharienne, chasseur d'#intox #verification pour @InfoIntoxF24 / acapron@france24.com",,2011-11-23 09:29:03+00:00,True,False,,2022-02-24 00:00:00+00:00,3745,misinfo
1502199817883238400,https://twitter.com/bellingcat/status/1502199817883238400,,"The actual location of the photograph used by @israel_mid_ru to support their claim the Azov battalion was operating at the Mariupol maternity hospital bombed by Russia was geolocated by @digitaljonah to 47.101092, 37.671539, over 10km away from the actual hospital site. https://t.co/ZaOP8jCnD6",Fri Mar 11 08:28:40 +0000 2022,4840,2172,en,2315512764,Bellingcat,bellingcat,https://twitter.com/bellingcat,,0.0,,645905,58,1468,8672,24664,"""Want to support our charity? https://t.co/scuUINEvTN  Buy our book """"We Are Bellingcat"""" here: https://t.co/2JiuWFfTpO  Our award-winning podcast series: https://t.co/S1rflrkXue""",,2014-01-28 13:36:59+00:00,True,False,,2022-02-24 00:00:00+00:00,2948,misinfo
1521495950933606404,https://twitter.com/khalediskef/status/1521495950933606404,,"A circulated video by #Tampere residents, #Finland shows transporting military equipment to the eastern border with #Russia. In addition to dozens of Leopard tanks, a huge amount of Soviet equipment BMP, MTLB, KSHM-1V16 https://t.co/NxO6BIVItb",Tue May 03 14:24:37 +0000 2022,104,20,en,551195158,خالد اسكيف,khalediskef,https://twitter.com/khalediskef,,0.1,,71694,1345,5464,241,54030,"Journalist for @AlmayadeenNews ,Director of @sdocenter  |I tweet my personal views | Instagram:@khalediskef Youtube: http://shorturl.at",United Arab Emirates,2012-04-11 18:01:05+00:00,True,False,,2022-02-24 00:00:00+00:00,3605,misinfo
1498678472847278082,https://twitter.com/mariamacina/status/1498678472847278082,,"Natasha Perakov, la prima donna pilota cacciatrice in Ucraina, è morta dopo essere stata gravemente ferita. https://t.co/HnkPu49WOx",Tue Mar 01 15:16:06 +0000 2022,574,96,it,722919613,maria macina,mariamacina,https://twitter.com/mariamacina,,1.2,,4868,1494,262397,33,242820,"“Ogni “tic-tac” è un secondo della vita che passa, fugge e non si ripete. E in essa c’è tanta intensità e interesse che il problema è solo saperla vivere”.",San Dona' di Piave,2012-07-28 22:20:11+00:00,False,False,,2022-02-24 00:00:00+00:00,3497,misinfo
1622170096675299329,https://twitter.com/runews/status/1622170096675299329,,"Turkey newspaper reveal the terrible dimensions of Ukraine army losses:   Ukraine: 157,000 soldiers dead.  234 Dead – NATO military trainers (US and UK) 2,458 Dead – NATO soldiers (Germany, Poland, Lithuania,etc)   Ursula‘s video was deleted  https://t.co/RXBmSE5oyj https://t.co/HYBZNVssdR",Sun Feb 05 09:47:44 +0000 2023,30162,7406,en,243318995,Russian Market,runews,https://twitter.com/runews,,0.2,,261995,9,1027,3641,138297,Citizen journalist. People only want to see 1 side of a story.,,2011-01-26 19:56:43+00:00,False,False,,2022-02-24 00:00:00+00:00,4046,misinfo
1517497902943420424,https://twitter.com/Xaviente/status/1517497902943420424,,"""Aleksandra Zelenskaya, Zelensky's daughter, disowns her father. She calls him a Nazi and a murderer of the Ukrainian people: """"Russians, Ukrainians, I want to tell you what is happening there!"""" https://t.co/efh51F0u0v""",Fri Apr 22 13:37:48 +0000 2022,5,4,en,1401568654760816645,ENTE♻️PirAten🏴‍☠️,Xaviente,https://twitter.com/Xaviente,,0.1,,184,160,4263,0,6534,http://Phyton.org -- INDEPE////🦾🦾 Políticamente exiliado💦💦💦 🌐🫧🫧🫧      DM⛔,Barcelona.---CAT.,2021-06-06 15:56:48+00:00,False,False,,2022-02-24 00:00:00+00:00,262,misinfo
1630750037062942722,https://twitter.com/realstewpeters/status/1630750037062942722,,"Volodymyr Zelensky is a total sociopath.   Screw Zelensky. Fuck Ukraine.   After these comments, I’m officially supporting Putin. https://t.co/xuXoQufIlE",Wed Mar 01 02:01:21 +0000 2023,31554,8237,en,1288319695658135552,Stew Peters,realstewpeters,https://twitter.com/realstewpeters,,0.0,,242707,106,1250,1003,10366,"The People’s Bullhorn - The Stew Peters Show ✝️🇺🇸 Executive Producer of #WatchTheWater, #TheseLittleOnes and #DiedSuddenly","Minneapolis, MN",2020-07-29 03:45:36+00:00,False,False,,2022-02-24 00:00:00+00:00,574,misinfo
1504197628363485191,https://twitter.com/maxasteele/status/1504197628363485191,,New York Post tweet mistakenly suggests Kamala Harris tweet mistakenly suggested Ukraine is part of NATO,Wed Mar 16 20:47:15 +0000 2022,53,15,en,519025164,Max Steele,maxasteele,https://twitter.com/maxasteele,,0.2,,15988,5011,32901,248,57566,Director of Federal and Political Comms @Everytown. Alum of @American_Bridge @amyklobuchar @bob_casey @padems @fladems etc. Lapsed Florida Man.,"Washington, DC",2012-03-09 00:28:23+00:00,True,False,,2022-02-24 00:00:00+00:00,3638,misinfo
1499373988165812226,https://twitter.com/suhasinih/status/1499373988165812226,,"MEA denies reports that Russia “stopped the war for 6 hours” in order to facilitate Indians escaping Kharkiv, adds that they received inputs from Russia that prompted them to tell citizens to leave the city and choose certain routes, no “coordination” on Russian missile strikes.",Thu Mar 03 13:19:50 +0000 2022,4292,1377,en,25966181,Suhasini Haidar,suhasinih,https://twitter.com/suhasinih,,0.0,,1362558,2716,10620,2338,79496,"National Editor and Diplomatic Affairs Editor, The Hindu",New Delhi,2009-03-23 06:45:42+00:00,True,False,,2022-02-24 00:00:00+00:00,4720,misinfo
1592761579707461633,https://twitter.com/prohibidosaber/status/1592761579707461633,deleted post,Zelensky ataca a Polonia lanzándole dos misiles a su territorio provocando muertes y queriendo hacerlos pasar por misiles rusos para que la OTAN entre en guerra con Rusia y provocar la tercera guerra mundial. Pero fueron descubiertos los restos de los misiles son  (hilo) https://t.co/fHc92vGhS0,Wed Nov 16 06:08:47 +0000 2022,4171,1722,es,350814025,Prohibido Saber,prohibidosaber,https://twitter.com/prohibidosaber,,0.9,,10485,313,2249,15,13750,Noticias censuradas o invisibilizadas en los grandes medios. Telegram: http://t.me/prohibidosaber Aportes: http://patreon.com/prohibidosaber,,2011-08-08 10:37:50+00:00,False,False,,2022-02-24 00:00:00+00:00,3852,misinfo
1602841136363556864,https://twitter.com/SGMWorldnews/status/1602841136363556864,deleted post,"BREAKING: Olena Zelenska, wife of Ukrainian President Zelensky, reportedly spent €40000 on a shopping trip in Paris while visiting the country to plead for more support for Ukraine, store employees have claimed online.",Wed Dec 14 01:41:20 +0000 2022,16907,7753,en,1488136702975614978,SGM World News,SGMWorldnews,https://twitter.com/SGMWorldnews,Doesn't exist,,,5267,81,12,36,443,Connecting Wearside and the World: The International division of @Sunderland_GM focusing on global news and events.,Sunderland,2022-01-31 13:06:58+00:00,False,False,,2022-02-24 00:00:00+00:00,23,misinfo
1574003845612638208,https://twitter.com/jouhinanewssy/status/1574003845612638208,,"""#Italy: Protesters went up to the #European_Union headquarters in #Rome and tore up the """"Union"""" flag and replaced it with the Italian flag. 🔹️Italy's general election today, may bring the conservative right for the first time since World War II. #UkraineRussiaWar  #UkraineWar https://t.co/P0nF1DO4Vd""",Sun Sep 25 11:52:15 +0000 2022,4,3,en,284176623,جهينة نيوز,jouhinanewssy,https://twitter.com/jouhinanewssy,,1.4,,15024,1062,52,73,111472,جهينة نيوز موقع إخباري سوري باللغتين العربية والانكليزية  http://www.jpnews-sy.com https://m.facebook.com/profile.php?id=363100483795868&ref=content_fel  Tel,syria,2011-04-18 19:42:31+00:00,False,False,,2022-02-24 00:00:00+00:00,3964,misinfo
1578008659296149505,https://twitter.com/ProjectLincoln/status/1578008659296149505,,"Republicans want America to abandon Ukraine, a sovereign nation invaded by a tyrannical dictator. They’d rather we support a man who’s killed thousands and threatened to strike our homeland with nuclear weapons.   If Republicans win, Putin wins. Americans and Ukrainians lose. https://t.co/O3ih8gWi9K",Thu Oct 06 13:05:57 +0000 2022,19669,7637,en,1205226529455632385,The Lincoln Project,ProjectLincoln,https://twitter.com/ProjectLincoln,,0.0,,2795561,1067,10970,8501,23903,"""""""You cannot escape the responsibility of tomorrow by evading it today.” – Abraham Lincoln 🏴‍☠️ | Home of @LPTV | Partner of @JoinTheUnionUS & @LDIDemocracy""",The United States of America,2019-12-12 20:43:08+00:00,True,False,,2022-02-24 00:00:00+00:00,804,misinfo
1521069401856000001,https://twitter.com/timand2037/status/1521069401856000001,,"#Ukraine #Nazi girls have been popular with the western media. In 2014 Vita Zaveruha - who spoke of killing #Russians and #Jews - was featured in @ELLEfrance - now they run a mile from these stories, denying everything. But the Russians noticed. https://t.co/jmBdUp3bTt",Mon May 02 10:09:40 +0000 2022,84,50,en,56575418,tim anderson,timand2037,https://twitter.com/timand2037,,0.1,,68227,1444,29779,484,19436,"Writer, internationalist, academic. Director of the Centre for Counter Hegemonic Studies. Former political prisoner. Comment welcome but trolls will be blocked.","Sydney, Australia.",2009-07-14 02:18:31+00:00,False,False,,2022-02-24 00:00:00+00:00,4607,misinfo
1525935127255302147,https://twitter.com/Hartes_Geld/status/1525935127255302147,,Ein strammer Hitler-Gruß zum Abschied: Leider blendeten die Kameras den spektakulären Abgang der heroischen #ESC-Sieger unserer allseits geliebten #Ukraine aus. :) https://t.co/7Sg226OlPX,Sun May 15 20:24:19 +0000 2022,1682,967,de,860808843667935232,Hartes Geld,Hartes_Geld,https://twitter.com/Hartes_Geld,,0.1,,29039,397,31685,123,9833,Jurist • Libertär • Klartext,Österreich,2017-05-06 10:49:56+00:00,False,False,,2022-02-24 00:00:00+00:00,1754,misinfo
1525081909738541058,https://twitter.com/dberiik/status/1525081909738541058,,"@PrasmanDunka @expatua Yes it's no  laundry equipment. The combat helicopter has no place for a laundromat, not even in Russia where anything is possible 😂 https://t.co/n865yQHSos",Fri May 13 11:53:56 +0000 2022,48,1,en,2517517804,dav.ber,dberiik,https://twitter.com/dberiik,,0.5,,39,272,13847,0,4648,Dycky Cheb.  Krotitel kaolinitu ve směsi s křemenem a živcem za pomoci ztuhlého rehydratovaného hemihydrátu síranu vápenatého.,,2014-04-29 20:08:08+00:00,False,False,,2022-02-24 00:00:00+00:00,2857,misinfo
1550118073604050944,https://twitter.com/spriteer_774400/status/1550118073604050944,suspended account,"In Ukraine, the radio was hacked and it was reported that Zelensky was in intensive care",Thu Jul 21 13:58:43 +0000 2022,107,24,en,1525978009320181764,Spriteer,spriteer_774400,https://twitter.com/spriteer_774400,account suspended,,,14393,235,372,183,21107,"Donbass, Middle East,world events,all kinds of things, support work to  http://buymeacoffee.com/spriteer or http://ko-fi.com/spriteer",,2022-05-15 23:15:30+00:00,False,False,,2022-02-24 00:00:00+00:00,-81,misinfo
1580151877555011584,https://twitter.com/Arthy7777/status/1580151877555011584,,Où se cache Zelensky ? Cette vidéo révèle la vérité sur le faux fond lors des déclarations de Zelensky https://t.co/P1kUA6G8Jm,Wed Oct 12 11:02:20 +0000 2022,404,386,fr,1487778995236225025,Arthur Singer,Arthy7777,https://twitter.com/Arthy7777,,0.6,,287,80,7510,3,9655,Ne tentez pas de me mettre une étiquette ou bien me ranger dans un tiroir ... c'est peine perdue.,🌍,2022-01-30 13:26:16+00:00,False,False,,2022-02-24 00:00:00+00:00,24,misinfo
1632468710844669954,https://twitter.com/Terror_Alarm/status/1632468710844669954,,"🚨🇷🇺💉Russian President Vladimir Putin has ordered the destruction of all Covid-19 vaccine stockpiles on Russian soil, 48 hours after the scientist who made Russian vaccine was found strangled to death. https://t.co/qBhfqFRGpb",Sun Mar 05 19:50:45 +0000 2023,1300,510,en,754718787237281792,Terror Alarm,Terror_Alarm,https://twitter.com/Terror_Alarm,,0.0,,61679,319,1086,508,25197,Non-State-Affiliated Agenda-Free News Media with a focus on combating terrorism through #AI.  About us: https://t.co/DMdqj6YgLy  Telegram: https://t.co/PA5DCyTXSM,Israel,2016-07-17 16:45:55+00:00,False,False,,2022-02-24 00:00:00+00:00,2047,misinfo
1498386862112751622,https://twitter.com/soyunhoplita/status/1498386862112751622,,"Ejem... Adrián, estooo... A ver... Es que yo qué sé... https://t.co/bqIs6dWRaf",Mon Feb 28 19:57:21 +0000 2022,3210,1202,es,3085087007,Guillaume Debailly,soyunhoplita,https://twitter.com/soyunhoplita,,0.5,,232,633,6528,0,9798,Trabajo para la DGSE pero podría hacerlo para el AC-12. Ayuser. Ancelottista.,Infiltrado pero poco,2015-03-10 22:58:09+00:00,False,False,,2022-02-24 00:00:00+00:00,2542,misinfo
1511411711273754630,https://twitter.com/OmedirkDirk/status/1511411711273754630,suspended account,"De Oekraïne is 15x zo groot als Nederland,de Russen ‘zitten’ in Donbas,Luhansk en Mariupol.  Blijft over 13x Nederland.  Waarom worden de Oekraïners daar niet opgevangen?  Waarom kost dat weer 150.000 woningen hier?  Je kan toch beter in je land blijven? Veiligheid of omvolking..",Tue Apr 05 18:33:27 +0000 2022,1472,429,nl,2803134057,Ome Dirk,OmedirkDirk,https://twitter.com/OmedirkDirk,account suspended,,,287,149,1999,1,7950,"..Sommige lemmingen wisten heel goed wat er ging gebeuren,maar ze zaten klem tussen de anderen.  En konden alleen maar meerennen.",,2014-10-03 23:56:00+00:00,False,False,,2022-02-24 00:00:00+00:00,2700,misinfo
1498137342053593089,https://twitter.com/AFP/status/1498137342053593089,,"""VIDEO: Putin orders nuclear forces on high alert.  Russian president orders his defence chiefs to put nuclear """"deterrence forces"""" on high alert and accuses the West of taking """"unfriendly"""" steps against his country. Russia has the world's second-largest arsenal of nuclear weapons https://t.co/NjxNSJBJ3Y""",Mon Feb 28 03:25:51 +0000 2022,448,220,en,380648579,AFP News Agency,AFP,https://twitter.com/AFP,,0.1,,2289275,609,2400,26281,291949,Top news and features from AFP's reporters around the world. Elsewhere on Twitter: http://u.afp.com/AFPTwitter,France,2011-09-27 00:35:10+00:00,True,False,,2022-02-24 00:00:00+00:00,3802,misinfo
1579377366933000192,https://twitter.com/EerikNKross/status/1579377366933000192,,Kyiv right now https://t.co/f2pe1gQlcU,Mon Oct 10 07:44:42 +0000 2022,964,488,en,45641327,Eerik N Kross,EerikNKross,https://twitter.com/EerikNKross,,0.1,,74214,1018,9075,1001,7655,"Ex intelligence director & adviser in Georgia, Iraq, Ukraine, Moldova. Estonian Parliament Foreign Affairs Committee. Silence is the real crime against humanity","Tallinn, Estonia",2009-06-08 19:05:29+00:00,True,False,,2022-02-24 00:00:00+00:00,4643,misinfo
1592896349431009280,https://twitter.com/ggreenwald/status/1592896349431009280,,US funding for war in Ukraine in 9 months:  Mar: $ 13.6 billion May: $ 40b  Nov: $ 37.7b: Biden's new request  That $ 91.3 billion is 33% more than Russia's *total military spending for the year*  It's *double* the US's average annual expenditure for its own war in Afghanistan,Wed Nov 16 15:04:18 +0000 2022,52174,21191,en,16076032,Glenn Greenwald,ggreenwald,https://twitter.com/ggreenwald,,0.0,,1887813,987,19186,21185,85116,"Journalist; Author; Co-Founder: The Intercept, @TheInterceptBr; HOPE Shelter (@abrigo_hope), @FreedomofPress, @ongcriadefavela; vegan; Insta: Glenn.11.Greenwald",GlennGreenwald@gmail.com,2008-09-01 03:13:32+00:00,True,False,,2022-02-24 00:00:00+00:00,4923,misinfo
1542200751023325186,https://twitter.com/SkyNews/status/1542200751023325186,,"""""""Don't be afraid"""".  Ukraine's defence minister, Oleksiy Reznikov, urges NATO to continue its support for Ukraine and not grow """"fatigued"""" by the ongoing war.  Live updates 👉 https://t.co/Aeqpcy98dL  📺 Sky 501, Virgin 602, Freeview 233 and YouTube https://t.co/DG40wjkGd3""",Wed Jun 29 17:38:06 +0000 2022,81,19,en,7587032,Sky News,SkyNews,https://twitter.com/SkyNews,,0.5,,7859522,23,1,30308,531768,"For breaking news @SkyNewsBreak. Watch live on Sky 501, Virgin Media HD 602, Freeview 233 and YouTube.  Download our app: http://onelink.to/skynews","London, UK",2007-07-19 14:42:53+00:00,True,False,,2022-02-24 00:00:00+00:00,5333,misinfo
1585180537261547521,https://twitter.com/fahadchishti12/status/1585180537261547521,,"In Ukraine, hunting Russian tanks with American FGM- 148 Javelin missiles. Has to be seen to be believed! https://t.co/z2xrGumH59",Wed Oct 26 08:04:25 +0000 2022,0,1,en,1143878925560483840,fahad chishti,fahadchishti12,https://twitter.com/fahadchishti12,,1.7,,3,81,38,0,81,,"Sindh, Pakistan",2019-06-26 13:49:22+00:00,False,False,,2022-02-24 00:00:00+00:00,973,misinfo
1498041255699247104,https://twitter.com/john_marquee/status/1498041255699247104,,"Geolocation of explosion outside Palanka in Cherkasy Oblast #Ukraine  Filmed from approximately 48.7421, 30.1018 https://t.co/YmOV4fQA5i",Sun Feb 27 21:04:02 +0000 2022,788,291,en,862792098986180608,John Marquee,john_marquee,https://twitter.com/john_marquee,,1.7,,10594,1189,17143,441,3460,Observer. OSINT. Geolocation. Open source investigator. Contributions: #BBCAfricaEye @nytimes @amnesty. Usual caveats.,Send me Telegram channels,2017-05-11 22:10:41+00:00,False,False,,2022-02-24 00:00:00+00:00,1749,misinfo
1621390350911676417,https://twitter.com/cramceleden74/status/1621390350911676417,,🇺🇦 Zelensky demande à l'OTAN une frappe préventive (nucléaire) contre la Russie. Combien de temps les Occidentaux vont-ils suivre cet individu dans sa folie ? https://t.co/AwZKJSuSh6,Fri Feb 03 06:09:18 +0000 2023,682,432,fr,1305566805432438785,Marc,cramceleden74,https://twitter.com/cramceleden74,,1.0,,7750,6891,38346,23,17656,"« La force dans nos bras, la vérité sur nos lèvres et la pureté dans nos cœurs. »",Haute-Savoie - Evian,2020-09-14 17:59:35+00:00,False,False,,2022-02-24 00:00:00+00:00,527,misinfo
1518188990364778502,https://twitter.com/Cyberspec1/status/1518188990364778502,,"""🇷🇺🇺🇦🇨🇦 Canadian media reports that the """"former"""" commander of the army, Lieutenant General Trevor Cadier, is in Ukraine, and he has been absent since February. It is speculated that he may be surrounded in #Azovstal https://t.co/er1Sqond8e""",Sun Apr 24 11:23:56 +0000 2022,344,169,en,505196984,Tony,Cyberspec1,https://twitter.com/Cyberspec1,,0.6,,8864,123,5150,182,12780,"Mainly military related developments, focused on the Russian Army and everything else interesting  Currently focused on World War Z   Russophile Account",Space Forces HQ,2012-02-27 00:40:34+00:00,False,False,,2022-02-24 00:00:00+00:00,3649,misinfo
1503857663460925445,https://twitter.com/Jesus63436708/status/1503857663460925445,,"Uh-Ooh! Yeaah!! THIS IS REALITY, REAL,VERY SERIOUS ISSUE THAT MATTERS! (UKRAINE CRISIS ACTORS) TIK-TOK VIDEOS!  🚨👈😲👍 https://t.co/u3rFEoos5V",Tue Mar 15 22:16:21 +0000 2022,0,1,en,1060952196584562689,TheGreenGhost,Jesus63436708,https://twitter.com/Jesus63436708,Doesn't exist,,,15,61,269,0,380,"Honest, Truthful, Sincere and Faithful",,2018-11-09 17:48:09+00:00,False,False,,2022-02-24 00:00:00+00:00,1202,misinfo
1498910511169159169,https://twitter.com/AfricaStoryLive/status/1498910511169159169,,"Russia's president, Vladimir Putin on Africans https://t.co/vTsp6fWXO4",Wed Mar 02 06:38:08 +0000 2022,1746,803,en,2431926235,Africa story Live,AfricaStoryLive,https://twitter.com/AfricaStoryLive,,0.9,,123081,21920,5,161,4348,All inquiries - africastorylive@gmail.com,Africa,2014-04-07 11:46:28+00:00,False,False,,2022-02-24 00:00:00+00:00,2879,misinfo
1609527208187498500,https://twitter.com/GianlucaCastro8/status/1609527208187498500,,"""Secondo Forbes l'aumento degli """"aiuti finanziari"""" a Kiev influisce direttamente sul crescente benessere finanziario dei politici ucraini. Strano, vero? No. Ecco dall'alto Zelensky, Reznikov (difesa), Kuleba (esteri), Klichko (sindaco di Kiev), Podoliak (consigliere di Zelensky) https://t.co/hkRRBpbvuu""",Sun Jan 01 12:29:24 +0000 2023,37,24,it,1330209122097229824,Gianluca Castro,GianlucaCastro8,https://twitter.com/GianlucaCastro8,,1.4,,6254,5027,12403,5,4706,"Giornalista professionista, opinionista pro bono contro i luoghi comuni del politicamente corretto, stufo del manicheismo NO DM.  Vita est militia super terram",Milano/Casteggio - Lombardia,2020-11-21 17:59:42+00:00,False,False,,2022-02-24 00:00:00+00:00,459,misinfo
1525564833961213952,https://twitter.com/ZperLaVittoria/status/1525564833961213952,suspended account,🚨𝑨𝑻𝑻𝑬𝑵𝒁𝑰𝑶𝑵𝑬🚨 🇷🇺💥🇺🇦🇺🇲🇬🇧 :  I seguenti si sono arresi ad #Azovstal: Il generale statunitense Eric Olson  il tenente colonnello britannico John Bailey e quattro istruttori militari della #NATO #Russian #Kharkov #Kharkiv  #kiev #NaziUkraine #donbas #ZelenskyWarCriminal https://t.co/WzMDK3sRQZ,Sat May 14 19:52:54 +0000 2022,76,41,it,1505666269307146242,🆉Informatore Militare🆉 🇷🇺𝗥𝗢𝗖 🥇💥🤺☭🇹,ZperLaVittoria,https://twitter.com/ZperLaVittoria,account suspended,,,538,11,103,5,3562,"Ortodossi, solo l'armonia ci rende forti ! Armi Modelli & Tecniche/ Tattiche di Guerra 🇷🇸  ⚡| La parte russa del conflito 🇷🇸","Moscow 🆉 55.77174400703612, 3",2022-03-20 22:03:19+00:00,False,False,,2022-02-24 00:00:00+00:00,-25,misinfo
1577627540419665921,https://twitter.com/Dpol_un/status/1577627540419665921,,An illustration of the quality of @BBCWorld ‘s “professional journalism”. Western Media is fighting at NATO’s proxy war with Russia in Ukraine like a rank and file soldier instead of providing objective information to its readers! 👎🏻👎🏻👎🏻,Wed Oct 05 11:51:31 +0000 2022,319,112,en,923231030160400384,Dmitry Polyanskiy,Dpol_un,https://twitter.com/Dpol_un,,0.4,,31953,324,5578,453,7329,First Deputy Permanent Representative of Russia 🇷🇺 to the UN. Hate lies and fake news. Dog lover 🐶 Views are my own. Retweet ❌endorsement,"Manhattan, NY",2017-10-25 16:53:25+00:00,True,False,,2022-02-24 00:00:00+00:00,1582,misinfo
1505654899777937413,https://twitter.com/KevinRothrock/status/1505654899777937413,,"I don’t know who took footage of Lukashenko explaining to Putin Ukraine’s “plan to attack Belarus” and then spliced him into what looks like a porno, and I’m not totally sure what it means, but I’m very here for it. https://t.co/a699UoAzKS",Sun Mar 20 21:17:56 +0000 2022,9861,1734,en,117856715,Kevin Rothrock,KevinRothrock,https://twitter.com/KevinRothrock,,0.1,,104279,701,22182,3180,18676,I monitor the Russian media. Day job: very famous & serious @meduza_en managing editor. Hear me @TheRussiaGuy. Send complaints to kevin@meduza.io. Father of 4.,"New Haven, CT",2010-02-26 21:07:56+00:00,True,False,,2022-02-24 00:00:00+00:00,4380,misinfo
1580055920351924224,https://twitter.com/DefenceHQ/status/1580055920351924224,,Latest Defence Intelligence update on the situation in Ukraine - 12 October 2022   Find out more about the UK government's response: https://t.co/JlAU5rpobY  🇺🇦 #StandWithUkraine 🇺🇦 https://t.co/S8aHomo3fy,Wed Oct 12 04:41:02 +0000 2022,1134,409,en,16133530,Ministry of Defence 🇬🇧,DefenceHQ,https://twitter.com/DefenceHQ,,0.0,,703104,635,600,7744,30861,DefenceHQ is the official corporate news channel of the UK Ministry of Defence.,London UK,2008-09-04 19:05:38+00:00,True,False,,2022-02-24 00:00:00+00:00,4920,misinfo
1497307778880212994,https://twitter.com/deep_seekers/status/1497307778880212994,,"""Unbelievable! CNN reported journalist """"Bernie Gores"""" died once in Afghanistan and again in Ukraine. Not only did he not die, CNN used a fake name. His real name is Jordie Jordan and he's a famous YouTube gaming streamer. Here he is, same photo! Good reporting CNN 😂 #fakenews https://t.co/8QlBLmRg4k""",Fri Feb 25 20:29:27 +0000 2022,1362,696,en,4805884231,DeepSeek,deep_seekers,https://twitter.com/deep_seekers,,1.1,,5132,4855,11050,35,524,"Live free, love and let be 💙",,2016-01-24 03:55:12+00:00,False,False,,2022-02-24 00:00:00+00:00,2222,misinfo
1557788942895927296,https://twitter.com/POTUS/status/1557788942895927296,,"I promised I'd address Putin's price hike at the pump, and I am.   We've used our strategic petroleum reserve to get relief to families fast – and we rallied our allies and partners around the world to do the same.   More work remains, but prices are dropping.",Thu Aug 11 18:00:00 +0000 2022,38758,5825,en,1349149096909668363,President Biden,POTUS,https://twitter.com/POTUS,,0.1,,24643416,12,0,19400,3790,"46th President of the United States, husband to @FLOTUS, proud dad & pop. Tweets may be archived: http://whitehouse.gov/privacy Text me: (302) 404-0880",,2021-01-13 00:37:08+00:00,True,False,,2022-02-24 00:00:00+00:00,406,misinfo
1510249049357791234,https://twitter.com/kiraincongress/status/1510249049357791234,,This is #Bucha. The outskirt of #Kyiv. Russians were killing people with their hands tied behind their backs and left the bodies near the road. I am shaking.   #StopPutinNOW https://t.co/ffzUV8d5xo,Sat Apr 02 13:33:27 +0000 2022,24796,11559,en,1168793622248067072,Kira Rudik,kiraincongress,https://twitter.com/kiraincongress,,0.0,,180689,141,122,1446,631,"Member of Ukrainian Parliament, Leader of Political party Golos, former CEO of Ring Ukraine. #politics #Ukraine #IT #FemaleLeadership #animalwelfare","Kyiv, Ukraine",2019-09-03 07:51:48+00:00,False,False,,2022-02-24 00:00:00+00:00,904,misinfo
1540133654806003713,https://twitter.com/bigSAC10/status/1540133654806003713,,Alchevs’k. Up-close footage recorded by a civilian of the anti-air defense system malfunctioning. Terrifying. #Ukraine️ #UkraineRussiaWar #UkraineWar https://t.co/2jTpeDkjQ4,Fri Jun 24 00:44:12 +0000 2022,34,10,en,1205592382223323137,bigSAC™,bigSAC10,https://twitter.com/bigSAC10,,0.8,,2716,143,11823,34,6836,Veterinary technician. #NAFO intelligence contractor. The CIA isn’t real. NSFW Russo-Ukrainian War content. 🇺🇦Слава Україні🇺🇦,United States,2019-12-13 20:56:50+00:00,False,False,,2022-02-24 00:00:00+00:00,803,misinfo
1505846525146062852,https://twitter.com/KyivPost/status/1505846525146062852,,"On March 20, #RussianMilitaries attacked the Podilsky district, #Kyiv. As a result of the shooting, a mall and automobiles at the parking lot got burnt. The information about murdered and injured people is found out. #WARINUKRAINE #WarCrimes #Kyivunderattack https://t.co/qnhMDLNruJ",Mon Mar 21 09:59:23 +0000 2022,240,122,en,14106476,KyivPost,KyivPost,https://twitter.com/KyivPost,,0.0,,370179,1573,2852,5629,56389,The award-winning Kyiv Post is the top international source of English-language news about Ukraine since 1995.,"#Kyiv, #Ukraine",2008-03-09 08:15:00+00:00,True,False,,2022-02-24 00:00:00+00:00,5099,misinfo
1582309547867136000,https://twitter.com/AClaireLegendre/status/1582309547867136000,,"Hommage à toute l'équipe de 🇨🇵 à Kiev sous la conduite d'@EdePoncins qui n'a jamais quitté l'#Ukraine, aux côtés des Ukrainiens à qui nous apportons notre soutien.",Tue Oct 18 09:56:08 +0000 2022,162,57,fr,1512211704,Anne-Claire Legendre,AClaireLegendre,https://twitter.com/AClaireLegendre,,0.5,,12491,3158,12297,133,11161,"Porte parole, Ministère de l’Europe et des Affaires étrangères 🇫🇷🇪🇺 | Spokeswoman 🇫🇷🇪🇺 MFA | Follow @FranceDiplo @Francediplo_AR @MinColonna",France,2013-06-13 02:55:48+00:00,True,False,,2022-02-24 00:00:00+00:00,3177,misinfo
1497827641172410368,https://twitter.com/NowImNothing_/status/1497827641172410368,,#Ukraine army cats are trained to spot and direct the location of  #Russiansniper laser dots. This is Mikael “The panther of   Kharkiv” who single handed exposed the location of 4 Snipers which ended in their deaths. #RussiaUkraineWar #invasionofUkraine #Putin #VolodymyrZelensky https://t.co/E4OUoKIqkr,Sun Feb 27 06:55:12 +0000 2022,5047,1196,en,79019935,R. Mônzon 🇺🇦🌻11:11,NowImNothing_,https://twitter.com/NowImNothing_,,0.6,,433,1351,12035,27,9465,"Punch Nazis & commies💥↙️↙️↙️, Neil Gaiman,🇯🇵日本, DNC, 🐱🐶 rescue, TNR INFJ 🦖שלום حب🇵🇸🇮🇱NASA NIИ 🇺🇸chapin 🇬🇹 PBS📺 🌈♻️.🖕🏽fk Putin",United States,2009-10-01 22:21:51+00:00,False,False,,2022-02-24 00:00:00+00:00,4528,misinfo
1554446023950581761,https://twitter.com/CharaCamgirl/status/1554446023950581761,suspended account,"Su Internet è apparso un video di russi in fuga dopo il recente attacco delle Forze armate alla stazione ferroviaria di Brylevka nella regione di Kherson  L'esercito ucraino ha distrutto uno scaglione con equipaggiamento, munizioni e personale. #UkraineWar #UkraineRussianWar https://t.co/nvI2VIqedY",Tue Aug 02 12:36:26 +0000 2022,17,10,it,1368999903876296705,Chara Ca,CharaCamgirl,https://twitter.com/CharaCamgirl,Doesn't exist,,,88,281,1999,1,6194,"Don't mind the nickname, I'm in favor of Ukraine. I have been a blogger for many years. Follow me if you wish.",,2021-03-08 19:00:10+00:00,False,False,,2022-02-24 00:00:00+00:00,352,misinfo
1537521784693702658,https://twitter.com/KyivIndependent/status/1537521784693702658,,"""⚡️Zelensky addresses Founders Forum in U.K. as hologram.   President Volodymyr Zelensky appeared as a hologram at the Founders Forum, a gathering of tech entrepreneurs in the U.K., to call on Europe's tech leaders to help rebuild Ukraine and to announce a """"digital lend-lease."""" https://t.co/RurjCpPqxS""",Thu Jun 16 19:45:33 +0000 2022,3191,690,en,1462548977367359490,The Kyiv Independent,KyivIndependent,https://twitter.com/KyivIndependent,,0.1,,2148695,19,148,16216,6907,Independent English-language journalism in Ukraine.  Become our patron: https://t.co/4OIXdyilwG  Donate: https://t.co/SoNr2TVrxO,Kyiv,2021-11-21 22:30:41+00:00,True,False,,2022-02-24 00:00:00+00:00,94,misinfo
1504156645999493122,https://twitter.com/Ramon_Madrid85/status/1504156645999493122,,No queríais ucranianos en Europa? pues ya llega la primera oleada de los que se han educado en el maidan.,Wed Mar 16 18:04:24 +0000 2022,116,92,es,4636084229,Ramón,Ramon_Madrid85,https://twitter.com/Ramon_Madrid85,,0.1,,1103,181,87723,14,18465,,Madrid,2015-12-28 21:05:43+00:00,False,False,,2022-02-24 00:00:00+00:00,2249,misinfo
1579364269275381761,https://twitter.com/JimmySecUK/status/1579364269275381761,,A missile just landed next to a large civil building. A Ukrainian friend on the ground with me says it’s the headquarters of Samsung in Ukraine. https://t.co/DIzsmN7y8n,Mon Oct 10 06:52:39 +0000 2022,1681,799,en,4645237240,Jimmy Rushton,JimmySecUK,https://twitter.com/JimmySecUK,,0.6,,58558,856,127081,1811,63041,Kyiv based independent foreign policy/security analyst   Currently focused on the Russian invasion of Ukraine   Sometime journalist - opinions mine alone,Kyiv,2015-12-29 17:22:04+00:00,False,False,,2022-02-24 00:00:00+00:00,2248,misinfo
1500902720923860992,https://twitter.com/bosnianbeast27/status/1500902720923860992,,"Little boy crosses border alone 💔 super sad 😞   How  🌍 can’t, do enough to stop war’s in this planet we need more peace and love ❤️    #StopWar #Ukraine️ https://t.co/D2yL9icxNX",Mon Mar 07 18:34:28 +0000 2022,2846,603,en,487962301,Jusuf Nurkić,bosnianbeast27,https://twitter.com/bosnianbeast27,,0.1,,136354,232,2273,656,6074,Official Twitter profile for Bosnian and Herzegovina National Team and Portland Trail Blazers Center 🏀#27 #RipCity #hadžomoj,Bosnia and Herzegovina,2012-02-09 22:53:02+00:00,True,False,,2022-02-24 00:00:00+00:00,3667,misinfo
1503896737227980804,https://twitter.com/Songo5E/status/1503896737227980804,,"""Le sniper canadien Wali surnommé """"le plus grand sniper du monde """" qui avait promis éliminer 50 à 60 militaires Russes par jour, a été tué par un sniper des Forces Spéciales Russes, après 20 minutes seulement d'action sur le terrain à #Marioupol en Ukraine. #UkraineRussie #wali https://t.co/xLPBHbceT8""",Wed Mar 16 00:51:37 +0000 2022,117,54,fr,1480026491647897600,Songo,Songo5E,https://twitter.com/Songo5E,,0.4,,85,79,386,0,91,"Activiste politique , analyste , panafricain, amoureux de la littérature , de la culture bantou & de la science .  Instagram 👉🏿 @iam_songo",,2022-01-09 04:00:10+00:00,False,False,,2022-02-24 00:00:00+00:00,45,misinfo
1519948762050965504,https://twitter.com/Pe_1801/status/1519948762050965504,,"Tg5, Tg3 e alcune trasmissioni TV mandano in onda immagini di una partita di paintball come servizio sulla guerra in Ucraina. Ormai siamo fattualmente ad una dimensione non più ridicola ma assolutamente delinquenziale del giornalismo italiano. https://t.co/WNnnTIry2Q",Fri Apr 29 07:56:38 +0000 2022,117,76,it,446512007,Pe 🇮🇹,Pe_1801,https://twitter.com/Pe_1801,,0.3,,2049,1863,24692,6,15562,Fatti non foste seguaci per Defollowarmi al mio Refollow. Bruti!,,2011-12-25 20:30:17+00:00,False,False,,2022-02-24 00:00:00+00:00,3713,misinfo
1549897814729101312,https://twitter.com/AndrewBecraft/status/1549897814729101312,,"The @DefenceU Marines, @ng_ukraine guards, @TDF_UA volunteers, and other #AzovstalDefenders who held out in Mariupol for nearly 3 months, bogging down the 🇷🇺 army and allowing 🇺🇦 to win the Battle of Kyiv.   (Custom #LEGO minifigs - not official products.) https://t.co/YlVPX1HfrJ",Wed Jul 20 23:23:29 +0000 2022,932,255,en,301834189,Andrew Becraft 🇯🇵🇺🇸🇺🇦,AndrewBecraft,https://twitter.com/AndrewBecraft,,0.4,,1134,533,10801,22,1781,"Tokyo-born American author, poet, technologist. Tweets in 🇯🇵&🇺🇸",Seattle,2011-05-20 04:22:18+00:00,False,False,,2022-02-24 00:00:00+00:00,3932,misinfo
1501980292009103364,https://twitter.com/chrisshipitv/status/1501980292009103364,,"My last post on this matter as Twitter is being characteristically exhausting. Here is a longer video of Prince William, as recorded by @itvnews camera for the broadcast pool, in as long a clip as Twitter will allow me to post. Then I’m logging out of this angry place for the day https://t.co/RTIIqVj5Zw",Thu Mar 10 17:56:21 +0000 2022,1022,223,en,95721440,Chris Ship,chrisshipitv,https://twitter.com/chrisshipitv,,0.2,,114753,1649,3474,1209,55491,ITV NEWS Royal Editor. Tweeting the newsworthy (and the occasional non-newsworthy) from the British Royal households. http://www.instagram.com/chris.ship.royal/,"London, England",2009-12-09 20:08:47+00:00,True,False,,2022-02-24 00:00:00+00:00,4459,misinfo
1624274327708528640,https://twitter.com/Oneindia/status/1624274327708528640,,US thinks PM Modi can still convince Putin to end Ukraine war  #USA #NarendraModi #Putin #UkraineRussiaWar   https://t.co/ypOCtRGOmW,Sat Feb 11 05:09:11 +0000 2023,0,1,en,18159588,Oneindia News,Oneindia,https://twitter.com/Oneindia,,0.9,,66853,169,1232,970,447823,"http://oneindia.com is a gamut of online resources. From breaking stories, top news, current affairs to sports update, movies & entertainment.",India,2008-12-16 09:44:12+00:00,True,False,,2022-02-24 00:00:00+00:00,4817,misinfo
1501319614730579975,https://twitter.com/NaomiOhReally/status/1501319614730579975,,"""Email from New York UNDP, February 25, setting out communications and language policy regarding Ukraine:  """"The SG has decided to use the phrase “military operations” (not invasion or incursion)."""" SG is an abbreviation for UN Secretary General, @antonioguterres https://t.co/97BsVw8GnE""",Tue Mar 08 22:11:03 +0000 2022,357,130,en,155203891,Naomi O'Leary,NaomiOhReally,https://twitter.com/NaomiOhReally,,0.4,,61275,4262,10008,1061,23021,Europe Correspondent for the @IrishTimes |  Political journalist of the year 2021 |  Try my podcast on Ireland: @PassportIrish,Brussels,2010-06-13 13:05:05+00:00,True,False,,2022-02-24 00:00:00+00:00,4273,misinfo
1511146289379131399,https://twitter.com/WalshFreedom/status/1511146289379131399,,I tweeted this out this morning. I was predicting what @TuckerCarlson would say “tonight.” Here’s what’s funny: So many people read this tweet &amp; believed Tucker had already said it. Which is understandable becuz it’s EXACTLY the kind of thing Putin-lover Tucker would &amp; has said.,Tue Apr 05 00:58:45 +0000 2022,1283,191,en,236487888,Joe Walsh,WalshFreedom,https://twitter.com/WalshFreedom,,0.0,,397530,26469,11495,3156,103007,"""Host, """"White Flag with Joe Walsh."""" Former Candidate for President. Former Congressman. Author, """"F*ck Silence."""" Patriot, Husband, Father, Brother, Son. #BeBrave""",,2011-01-10 18:11:53+00:00,True,False,,2022-02-24 00:00:00+00:00,4062,misinfo
1511114119331532804,https://twitter.com/Sirius63Im/status/1511114119331532804,,"Numerous reports are now circulating claiming that United States Army Major General Roger L. Cloutier has been CAPTURED by Russian forces in or around Mariupol, Ukraine where, the reports claim, he was helping the AZOV Battalion which is Ukraine's official NAZI unit.   🤔🤔🤔 https://t.co/IG030K7tLQ",Mon Apr 04 22:50:55 +0000 2022,170,95,en,1157502014676332544,SpaceAgeAkata🇺🇸👽🪶,Sirius63Im,https://twitter.com/Sirius63Im,,0.2,,206,278,23290,2,15070,3rd degree Black belt| Urban Farmer|Proud ATLien| Original man from the Sirius Star System| SSU bred| FBA|DoAS | We The Foundation #payup #FBA #SecureTheTribe🏹,"Savannah, GA",2019-08-03 04:02:40+00:00,False,False,,2022-02-24 00:00:00+00:00,935,misinfo
1520976625458122753,https://twitter.com/VesnaZika/status/1520976625458122753,,"A Canadian general, Trevor Kadier, was arrested when he tried to flee Azovstal and was taken to Moscow to stand trial. He was in charge of biolaboratory no. 18 who worked with deadly viruses. #StandWithUkraine has a deeper meaning and will receive more and more such certificates. https://t.co/dz5XGeYF2a",Mon May 02 04:01:00 +0000 2022,964,570,en,829903591259435008,Z i k a,VesnaZika,https://twitter.com/VesnaZika,,0.2,,120,86,10818,1,5572,,"Mississauga, Ontario",2017-02-10 04:03:29+00:00,False,False,,2022-02-24 00:00:00+00:00,1839,misinfo
1547723002917240837,https://twitter.com/AndrewBecraft/status/1547723002917240837,,"LEGO versions of some of the many amazing women defending #Ukraine️ since #RussiaInvadedUkraine. My grandfather was a 🇺🇸 medic in WW2, and I deeply respect the combat medics and others fighting 🇷🇺 fascism in 🇺🇦 today. Slava Ukraini! @katalina_ada @tsunami_zsu @Mykhailova_A https://t.co/kNGjXHhy3e",Thu Jul 14 23:21:33 +0000 2022,2440,500,en,301834189,Andrew Becraft 🇯🇵🇺🇸🇺🇦,AndrewBecraft,https://twitter.com/AndrewBecraft,,0.4,,1126,528,10636,21,1775,"Tokyo-born American author, poet, technologist. Tweets in 🇯🇵&🇺🇸",Seattle,2011-05-20 04:22:18+00:00,False,False,,2022-02-24 00:00:00+00:00,3932,misinfo
1632653263425220608,https://twitter.com/jeromestarkey/status/1632653263425220608,,"Kramatorsk, Ukraine https://t.co/V4Uhmdcqms",Mon Mar 06 08:04:05 +0000 2023,23,13,pl,19643660,Jerome Starkey,jeromestarkey,https://twitter.com/jeromestarkey,,0.4,,17280,5870,6686,753,12202,"Lost my heart (& mind) in Kabul, lost my right to abode in Kenya. Banned from Putin’s Russia. Cover defence & Ukraine for @TheSun.",Ukraine,2009-01-28 09:42:41+00:00,False,False,,2022-02-24 00:00:00+00:00,4774,misinfo
1571788489498173441,https://twitter.com/Terror_Alarm/status/1571788489498173441,,🚨🇺🇦🇨🇳The First Chinese military convoy spotted entering Ukraine from Russia. Xi and Putin were not meeting at #SCO just to discuss Dedollarization. https://t.co/KHc8bDhR6A,Mon Sep 19 09:09:12 +0000 2022,1163,595,en,754718787237281792,Terror Alarm,Terror_Alarm,https://twitter.com/Terror_Alarm,,0.0,,47101,350,906,359,17569,"""""""Non-State-Affiliated Agenda-Free News Media"""" from ירושלים - ישראל🇮🇱  World #News by #AI admin.   Signal: +972559997626""",Negative comment=AI AUTO BLOCK,2016-07-17 16:45:55+00:00,False,False,,2022-02-24 00:00:00+00:00,2047,misinfo
1548366815675371520,https://twitter.com/BeardedBrownMa1/status/1548366815675371520,,Ukranians on holiday in Croatia. Doesn't the western world find it even a teeny weeny bit strange how nearly every random Ukranian ever photographed or interviewed has Nazi tattoos? 🤔 #NaziUkraine #nazisinukraine #UkraineRussianWar #ukraine,Sat Jul 16 17:59:50 +0000 2022,3,2,en,1271074279615008773,BeardedBrownMan,BeardedBrownMa1,https://twitter.com/BeardedBrownMa1,,0.4,,517,606,4188,12,9872,A Stoic who is thoroughly useless at Stoicism. Been slaying Nazis since 1966. Before that I was too small to slay Nazis.,London,2020-06-11 13:38:28+00:00,False,False,,2022-02-24 00:00:00+00:00,622,misinfo
1581661542482792448,https://twitter.com/DefenceU/status/1581661542482792448,,Half a year has passed since the russian occupiers were driven out of the  Kyiv region. Ukrainians are cleaning up the mess. Step by step. House by house. This will continue to be the case - until complete victory over russian darkness and tyranny. https://t.co/Onokv0Ux79,Sun Oct 16 15:01:12 +0000 2022,40933,7459,en,630995607,Defense of Ukraine,DefenceU,https://twitter.com/DefenceU,,0.0,,1594823,27,221,10812,13647,Official page of the Ministry of Defense of Ukraine 🇺🇦 Ukrainian MoD in Telegram: https://t.me/ministry_of_defense_ua,Україна,2012-07-09 08:39:09+00:00,True,False,,2022-02-24 00:00:00+00:00,3516,misinfo
1629533575442726916,https://twitter.com/AlexSofamous/status/1629533575442726916,,Le Sosie de #Zelenskiy pris en flag par la Tv Polonaise suite de la visite de #Biden ! Du cinéma 😎🍿  Ils vous prennent pour des cons jusqu’au bout ! 2 acteurs Zelensky !! 🔥🚨   https://t.co/VyZS2zZE5x,Sat Feb 25 17:27:34 +0000 2023,1725,1239,fr,1532290032761020417,AlexNoMatrixé,AlexSofamous,https://twitter.com/AlexSofamous,doesn't exist,2.8,,9975,3158,21989,18,9042,Du Début jusqu’à la fin .. Tout est lié 😎🍿Cette compréhension sera la clef de notre liberté ..🔥🚨,,2022-06-02 09:16:40+00:00,False,False,bot,2022-02-24 00:00:00+00:00,-99,misinfo
1502402763912880129,https://twitter.com/nytimes/status/1502402763912880129,,"Vice President Kamala Harris said the inflated costs in the U.S. were worth paying to penalize Russia over its invasion of Ukraine: “There is a price to pay for democracy,” adding that it is important to “stand with your friends,” she said. https://t.co/iSH3EbWD2W https://t.co/m42wcLzWqB",Fri Mar 11 21:55:06 +0000 2022,7168,1012,en,807095,The New York Times,nytimes,https://twitter.com/nytimes,,0.1,,52305839,873,18839,214781,466322,News tips? Share them here: http://nyti.ms/2FVHq9v,New York City,2007-03-02 20:41:42+00:00,True,False,,2022-02-24 00:00:00+00:00,5472,misinfo
1629443783182938117,https://twitter.com/AristoTogo/status/1629443783182938117,,Comme c'était gênant Les médias polonais ont cramé le sosie de Zelensky lorsqu'ils ont couvert la visite de Biden à Kiev...😅😅😅 https://t.co/XnYryBFgmN,Sat Feb 25 11:30:46 +0000 2023,1518,1077,fr,1245702367946903552,BLACK MAMBA #,AristoTogo,https://twitter.com/AristoTogo,,0.6,,5723,924,5374,46,27148,"Actualité Militaires, Économiques mondiales.  Infos exclusives Décryptage d informations","Ile-de-France, France",2020-04-02 13:19:47+00:00,False,False,,2022-02-24 00:00:00+00:00,692,misinfo
1516788828970885123,https://twitter.com/MiG31BmFoxhound/status/1516788828970885123,deleted post,"Just Lviv. Just schoolchildren. Just celebrated Hitler's birthday. In Ukraine, in which, as you know, there is no Nazism. https://t.co/g2sQ83q5TF",Wed Apr 20 14:40:12 +0000 2022,20,15,en,1511478587471319047,Mig-31 BM Foxhound,MiG31BmFoxhound,https://twitter.com/MiG31BmFoxhound,,1.8,,1926,38,1124,20,1705,"I post human rights abuses and collateral news from the conflict, while 🇺🇦/🇷🇺 war news and military stuff are posted on my other account, link down here👇👇","Geneva, Switzerland",2022-04-05 22:59:19+00:00,False,False,,2022-02-24 00:00:00+00:00,-41,misinfo
1550085477931311104,https://twitter.com/russianathens/status/1550085477931311104,,Ukrainian radio reported that Zelensky is in intensive care https://t.co/OHbwZjutKt,Thu Jul 21 11:49:11 +0000 2022,0,0,en,137804255,Athens News,russianathens,https://twitter.com/russianathens,,2.5,,548,73,21,15,93321,"Athens news published in 6 languages: Greek, English, Russian, German, Spanish, Ukrainian.","Athens, Greece",2010-04-27 20:30:34+00:00,False,False,,2022-02-24 00:00:00+00:00,4320,misinfo
1516437537404985346,https://twitter.com/UkraineNewsLive/status/1516437537404985346,deleted post,"The moment of the strongest explosion at Azovstal, which was heard within a radius of 100 km. #Ukraine  #Azov https://t.co/DhXL2kvBU6",Tue Apr 19 15:24:17 +0000 2022,21,12,en,1497162777944862746,Ukraine News Live🇺🇦,UkraineNewsLive,https://twitter.com/UkraineNewsLive,,1.0,,806,5,136,6,1006,Ukraine News🇺🇦,,2022-02-25 10:53:33+00:00,False,False,,2022-02-24 00:00:00+00:00,-2,misinfo
1504553101268770817,https://twitter.com/Nieuwsprik_neus/status/1504553101268770817,suspended account,"""Tijdens Oekraïens  journaal  """"Zelensky geeft je over, stop met het gebruik van drugs""""  pas geleden  op Russisch journaal  tegen Poetin,   toen explodeerde MSM ,  nu niet   #RussiaUkraineWar  #UkraineRussianWar   Opruiing https://t.co/eDJcU32fkd""",Thu Mar 17 20:19:47 +0000 2022,15,14,nl,66475242,Remco_B88⭕ngel⭕felijk🇳🇱,Nieuwsprik_neus,https://twitter.com/Nieuwsprik_neus,account suspended,,,3951,3184,5713,43,40513,,nederland,2009-08-17 20:28:00+00:00,False,False,,2022-02-24 00:00:00+00:00,4573,misinfo
1592621937054085120,https://twitter.com/everstake_pool/status/1592621937054085120,,"1/6 Certain Twitter users, including fake accounts of US congressmen and biased media outlets, have disseminated rumors that hundreds of millions of USD donated to Ukraine were illegally transferred to the US Democratic Party through @FTX_Official. https://t.co/C6WMpeE3kV",Tue Nov 15 20:53:53 +0000 2022,63,27,en,1073189409938436097,Everstake,everstake_pool,https://twitter.com/everstake_pool,,0.1,,15287,317,8220,142,6234,Everstake is a responsible validator trusted by 625k+ users across 70+ blockchains. Created by engineers for the entire community in 2018 | @_AidForUkraine,Ukraine,2018-12-13 12:14:29+00:00,False,False,,2022-02-24 00:00:00+00:00,1168,misinfo
1512789107071754240,https://twitter.com/AtomicAnalyst/status/1512789107071754240,,"More importantly, the bag in the video is not Russia’s version of the nuclear “Football,” known as the Cheget! As displayed on Russian state television in 2019—and seen in previous photographs over the years—the Cheget is a large, hard-sided briefcase with a single hard handle. https://t.co/P8mxOIbr9h",Sat Apr 09 13:46:44 +0000 2022,65,13,en,1413698887,Stephen Schwartz,AtomicAnalyst,https://twitter.com/AtomicAnalyst,,0.4,,37082,1481,2564,615,36181,"Nonresident Senior Fellow @BulletinAtomic • Fellow @NSquareCollab • Editor/Co-author, Atomic Audit: The Costs and Consequences of US Nuclear Weapons Since 1940","Chicago, IL",2013-05-08 19:46:38+00:00,True,False,,2022-02-24 00:00:00+00:00,3213,misinfo
1597880001105657856,https://twitter.com/NOELreports/status/1597880001105657856,,"The European Commission has increased the estimate of damages received by Ukraine from €385 billion to €600 billion, the head of the EC, Ursula von der Leyen, announced. She also stated that, Ukraine's losses since the beginning of the war amounted to more than 100,000 soldiers https://t.co/EBQFAvrmLI",Wed Nov 30 09:07:34 +0000 2022,411,73,en,1480304164337033217,NOËL 🇪🇺 🇺🇦,NOELreports,https://twitter.com/NOELreports,,0.1,,66977,255,4049,1373,12293,"Reports on conflict zones, especially #Ukraine. Backup @NOELREPORTS_2  👇 Like my reporting? Support me below 👇",,2022-01-09 22:23:22+00:00,False,False,,2022-02-24 00:00:00+00:00,45,misinfo
1580145168833196032,https://twitter.com/politblogme/status/1580145168833196032,,"Production of dramatic photos for the Western media:  — Taka a photo of me, Andrej Andreevich. I’ll take a selfie and will send it to my sister in Russia. https://t.co/j6PYezmzMg",Wed Oct 12 10:35:40 +0000 2022,2183,1205,en,113075977,Maria Dubovikova,politblogme,https://twitter.com/politblogme,,0.3,,53632,463,4005,636,5322,Prominent independent analyst & media expert • researcher • RIAC expert • The Russian • Ex Al Arabiya / Arab News Columnist • creative producer @we_ica •,The Earth,2010-02-10 16:35:04+00:00,True,False,,2022-02-24 00:00:00+00:00,4396,misinfo
1580427343344336896,https://twitter.com/Kees71234/status/1580427343344336896,,🇺🇦 STAGED: Oekraïense acteurs verkleed als gewonden nemen een selfie in Kiev. Dit is opgezet voor de live-verslaggeving in de westerse media. https://t.co/0hheJ9SMRF,Thu Oct 13 05:16:56 +0000 2022,1741,925,nl,826525977228541953,Kees,Kees71234,https://twitter.com/Kees71234,,1.3,,26346,3429,34070,201,38988,Als we massaal niet meer meewerken is de crisis over! Meer nieuws op Telegram: https://t.me/Kees71234,"Zuid-Holland, Nederland",2017-01-31 20:22:03+00:00,False,False,,2022-02-24 00:00:00+00:00,1849,misinfo
1572286564369108992,https://twitter.com/Sen_JoeManchin/status/1572286564369108992,,"Over the past 5 years, natural gas costs have gone up over 200%. In Europe, it's up over 1,100%. Energy has been weaponized by Putin. We can offset that by reforming our permitting process, which will put more energy into the market &amp; bring down costs for utilities &amp; consumers. https://t.co/KOi6zzXhYt",Tue Sep 20 18:08:23 +0000 2022,86,20,en,234374703,Senator Joe Manchin,Sen_JoeManchin,https://twitter.com/Sen_JoeManchin,,0.0,,359930,916,582,3205,9420,"U.S. Senator for #WV. Chairman of @EnergyDems. Please do not hesitate to contact me to share your commonsense ideas, concerns or if you need assistance.","West Virginia, USA",2011-01-05 14:13:33+00:00,True,False,,2022-02-24 00:00:00+00:00,4067,misinfo
1542800521412710400,https://twitter.com/Antonel98214521/status/1542800521412710400,,"""🇺🇲🇺🇦📰 La rivista americana Money ha definito Zelensky """"il re della corruzione occidentale"""". 💸 https://t.co/TtU2YpzZnN""",Fri Jul 01 09:21:22 +0000 2022,50,16,it,1512398242440486914,Antonella Ferranti,Antonel98214521,https://twitter.com/Antonel98214521,,0.9,,333,309,1933,1,987,Empatia e autoironia poche in questo periodo... Cercasi condizionatori usati!  Di Milano  laureata in medicina Università Cattolica di Milano #unicat,,2022-04-08 11:54:13+00:00,False,False,,2022-02-24 00:00:00+00:00,-44,misinfo
1537613029612740608,https://twitter.com/chachacheah2/status/1537613029612740608,suspended account,"Russian Kinzhal missile, 10 x speed of sound destroys Ukraine arms 136m below ground.. 👏 https://t.co/XjSHwJ5VWS",Fri Jun 17 01:48:08 +0000 2022,176,72,en,1291939804746153984,chachacheah2,chachacheah2,https://twitter.com/chachacheah2,account suspended,,,79,16,4991,0,5093,I stand up for Truth & Justice & have the marbles to speak up alto I am over the hill........ age wise!!  Warning: Can be abrasive at times.,,2020-08-08 03:33:38+00:00,False,False,,2022-02-24 00:00:00+00:00,564,misinfo
1579349192698654721,https://twitter.com/runews/status/1579349192698654721,,ZELENSKY'S OFFICE WAS DESTROYED BY A MISSILE STRIKE: UKRAINIAN MEDIA  https://t.co/8UOA46I4Hd,Mon Oct 10 05:52:45 +0000 2022,6534,1984,en,243318995,Russiаn Market,runews,https://twitter.com/runews,,0.2,,229175,3,997,3390,134870,"First on Russiа, Ukrаine & World.",,2011-01-26 19:56:43+00:00,False,False,,2022-02-24 00:00:00+00:00,4046,misinfo
1572568782748680194,https://twitter.com/sotiridi/status/1572568782748680194,deleted post,"#Breaking: just in - The traffic jam at the border with #Russia/#Finland has pilled up to 35KM and is rising by the hour, it is the only border who is still open for Russian civilians with shengen visas, after #Putin announced he will send 300.000 new troops to #Ukraine. https://t.co/EOJ1346qDO",Wed Sep 21 12:49:49 +0000 2022,25402,10645,en,80571323,Sotiri Dimpinoudis,sotiridi,https://twitter.com/sotiridi,,3.0,,29765,4180,3432,0,26592,Independent freelance Journalist | Gaming nerd | Tech and Space Nerd | Trance Fanatic | Politics Junkie | 🇧🇪 🇬🇷 🇨🇾 🇺🇸 Threads,"Europe, Belgium",2009-10-07 13:04:43+00:00,False,False,,2022-02-24 00:00:00+00:00,4522,misinfo
1502837761677701122,https://twitter.com/UKRinMEX/status/1502837761677701122,,"Marianna del hospital bombardeado en Mariupol dio a luz a una niña ayer (peso 3200 gramos y saludable).  La llamaron Veronika, en honor a la diosa de la victoria.   Victoria de Ucrania. 💛💙  📷 Evgeny Maloletka Photography https://t.co/QRJ82an7Eb",Sun Mar 13 02:43:38 +0000 2022,183,52,es,2542260397,UKR Embassy in MEX,UKRinMEX,https://twitter.com/UKRinMEX,,1.4,,9712,408,342,76,2790,"Embajada de #Ucrania en México | Посольство України в Мексиці |    Concurrente ante Guatemala, Panamá, Belice, Costa Rica |  Embajadora: @OkDramaretska",CDMX,2014-06-02 22:03:56+00:00,True,False,,2022-02-24 00:00:00+00:00,2823,misinfo
1506275327911378953,https://twitter.com/AshleyBurkeCBC/status/1506275327911378953,,"""Former Canadian Armed Forces sniper """"Wali"""" says he was the last to learn of his own death in Ukraine. Spoke to him this am. He returned from battling Russian forces on the frontlines in the Kyiv region &amp; learned about a Russian disinformation campaign declaring he was killed. https://t.co/XTIbgemPGT""",Tue Mar 22 14:23:18 +0000 2022,3388,1057,en,16854142,Ashley Burke,AshleyBurkeCBC,https://twitter.com/AshleyBurkeCBC,,1.2,,16556,1668,1071,428,7377,"Senior Reporter, CBC’s Parliamentary Bureau. DM me for Signal #. Email: ashley.burke@cbc.ca, ashleyburkecbc@protonmail.com, http://cbc.ca/securedrop/","Ottawa, Ontario",2008-10-19 18:28:05+00:00,True,False,,2022-02-24 00:00:00+00:00,4875,misinfo
1554270046452469760,https://twitter.com/DashDobrofsky/status/1554270046452469760,,Not a single Republican has thanked Biden for taking out the leader of Al Qaeda. This means the Republicans side with Al Qaeda over America. They side with Saudi Arabia over America. They side with Russia over America. Yep. Despicable anti-American traitors. Vote them all out.,Tue Aug 02 00:57:10 +0000 2022,20896,5658,en,1520612280643162112,Dash Dobrofsky,DashDobrofsky,https://twitter.com/DashDobrofsky,,0.1,,82749,166,3133,413,1847,@UCLA Political Science ‘23 • Gen Z Activist • Host of @UncvrngTheTruth Podcast,,2022-05-01 03:53:22+00:00,False,False,,2022-02-24 00:00:00+00:00,-67,misinfo
1584564755272171522,https://twitter.com/mfa_russia/status/1584564755272171522,,⚠️ @mod_russia: The Kiev regime plans to camouflage the explosion of this kind of ordnance under an extraordinary effect of Russian low-power nuclear warhead that contains highly enriched uranium in its charge.  🔗 https://t.co/wPxeFNQDWh https://t.co/XKeSN0nQgN,Mon Oct 24 15:17:32 +0000 2022,482,249,en,255471924,MFA Russia 🇷🇺,mfa_russia,https://twitter.com/mfa_russia,,0.0,,568216,1444,22693,5381,69706,Ministry of Foreign Affairs of Russia 🇷🇺 (Official account) | Country's account @Russia | По-русски @MID_RF | Español @MAE_Rusia | Arabic - @russia_ar,Russia,2011-02-21 12:45:22+00:00,True,False,,2022-02-24 00:00:00+00:00,4020,misinfo
1566295538827268096,https://twitter.com/BlackdiasporaV1/status/1566295538827268096,,This is a wedding in Ukraine. and they are given the Nazi salute. and we are given billions of dollars to them. https://t.co/ANcoVqnNt7,Sun Sep 04 05:22:11 +0000 2022,24,17,en,1240471171226718211,Black diaspora Voice.,BlackdiasporaV1,https://twitter.com/BlackdiasporaV1,,1.5,,18880,1206,65845,95,52085,I am African-American male. This page is About news and information about blacks in the diaspora. $Dijani2020.,,2020-03-19 02:53:15+00:00,False,False,,2022-02-24 00:00:00+00:00,706,misinfo
1630910957068353538,https://twitter.com/Rajansy123/status/1630910957068353538,,"Zelensky stated that the United States will need to deploy their sons and daughters to fight in the ground war in Ukraine, which could result in their deaths. 💀  Zelensky: US must send sons, daughters to war and they'll die.      This guy is out of his mind🫣 https://t.co/tez82T4ALU",Wed Mar 01 12:40:47 +0000 2023,25,14,en,1530149000346644480,ℝ𝕒𝕛𝕒𝕟 𝕊𝕚𝕟𝕘𝕙 𝕐𝕒𝕕𝕒𝕧,Rajansy123,https://twitter.com/Rajansy123,,1.3,,2107,2002,2361,3,101,𝕋𝕙𝕖 𝕥𝕣𝕦𝕥𝕙 𝕨𝕚𝕝𝕝 𝕤𝕖𝕥 𝕪𝕠𝕦 𝕗𝕣𝕖𝕖. 𝕋𝕙𝕖 𝕡𝕦𝕣𝕡𝕠𝕤𝕖 𝕠𝕗 𝕠𝕦𝕣 𝕝𝕚𝕧𝕖𝕤 𝕚𝕤 𝕥𝕠 𝕓𝕖 𝕙𝕒𝕡𝕡𝕪...,"New York, USA",2022-05-27 11:28:56+00:00,False,False,,2022-02-24 00:00:00+00:00,-93,misinfo
1526654717249540097,https://twitter.com/mxbernhard/status/1526654717249540097,,Seeing this image shared with claims that it is showing Zelenskyy's Russian passport. A quick thread on Russian passports and why this one is fake: https://t.co/AzvfBf4LQJ,Tue May 17 20:03:43 +0000 2022,168,58,en,2783801669,Max Bernhard,mxbernhard,https://twitter.com/mxbernhard,,1.0,,1351,2308,6040,30,927,freelance journalistㅣ@DowJones @WSJ alumㅣOSINTㅣmax.bernhard@pm.meㅣDMs open,,2014-09-25 15:04:56+00:00,False,False,,2022-02-24 00:00:00+00:00,2708,misinfo
1501257434882613250,https://twitter.com/IngMorrison/status/1501257434882613250,,"Elon Musk mantuvo una conversación con Volodymyr Zelensky, presidente de Ucrania. Elon Musk enviará un nuevo paquete de “sistemas Starlink para ciudades destruidas”. #Technology #Satelites #Internet #ElonMusk #Tecnologia #Noticias #Starlink #VolodymyrZelensky #Ucrania #Rusia https://t.co/4mbYjOzBxF",Tue Mar 08 18:03:59 +0000 2022,6,4,es,54074733,Hiddekel Morrison,IngMorrison,https://twitter.com/IngMorrison,,0.3,,130152,6724,15406,659,111066,"Ingeniero, Escritor, Consultor y Comunicador. Autor varios libros; 1er libro Historia Telecomunicaciones en RD. WHATSAPP OFICINA: 809-412-2989",Republica Dominicana,2009-07-06 01:54:48+00:00,True,False,,2022-02-24 00:00:00+00:00,4615,misinfo
1629852800250265602,https://twitter.com/Shayan86/status/1629852800250265602,,@realstewpeters Well done. You've discovered Zelensky's personal bodyguard Maksym Donets. Here are more images of him looking absolutely nothing like Zelensky https://t.co/yoeBA6JGxa,Sun Feb 26 14:36:03 +0000 2023,2847,160,en,65494780,Shayan Sardarizadeh,Shayan86,https://twitter.com/Shayan86,,0.2,,89229,8065,88602,1744,23799,"Journalist reporting on disinformation, conspiracy theories, cults and extremism for @BBCMonitoring @BBCWorld | shayan.sardarizadeh@bbc.co.uk",United Kingdom,2009-08-13 23:03:55+00:00,True,False,,2022-02-24 00:00:00+00:00,4577,misinfo
1553475389472882689,https://twitter.com/ChristopherJM/status/1553475389472882689,,"New sat images of Olenivka prison in Russia-occupied Donetsk region of Ukraine where at least 50 Ukrainian POWs were killed in an attack that Kyiv says — and preliminary evidence suggests — Russian forces carried out. Before, pics 1 &amp; 3: July 27. After, 2 &amp; 4: July 30. 📸 @Maxar https://t.co/7YoUndf22j",Sat Jul 30 20:19:29 +0000 2022,1480,660,en,16827148,Christopher Miller,ChristopherJM,https://twitter.com/ChristopherJM,,0.1,,414736,4014,51472,10072,68821,World and national security reporter @politico covering Russia's war in Ukraine. 12+ years in Ukraine and Eastern Europe. cmiller@politico.com. DM for Signal.,Ukraine,2008-10-17 16:55:19+00:00,True,False,,2022-02-24 00:00:00+00:00,4877,misinfo
1497895698662109188,https://twitter.com/PabVis/status/1497895698662109188,,"Hay informaciones que hablan de que Polonia no deja entrar a gente no blanca desde #Ucrania. Eso NO es verdad. La frontera está abierta para todos! En la foto con gente de #Nigeria, en otra más estudiantes africanos y gente de #Bangladesh. Todos han salido de Ucrania. https://t.co/Mx2eZOuQLj",Sun Feb 27 11:25:38 +0000 2022,2066,847,es,309341660,Pablo González,PabVis,https://twitter.com/PabVis,,3.3,,39759,3,6940,672,18630,Periodista / Journalist - Politólogo / Political Scientist Siguiendo por listas privadas - Following by private lists,,2011-06-01 23:02:16+00:00,False,False,,2022-02-24 00:00:00+00:00,3920,misinfo
1495082561902678024,https://twitter.com/JDVancePress/status/1495082561902678024,deleted post,"“I gotta be honest with you, I don’t really care what happens to Ukraine…I do care about the fact that in my community right now the leading cause of death among 18-45 year olds is Mexican fentanyl that’s coming across the southern border.” - @JDVance1 #OHSen https://t.co/nf6MUzdWM5",Sat Feb 19 17:07:14 +0000 2022,2784,794,en,1410590377682378755,JD Vance for U.S. Senate Press,JDVancePress,https://twitter.com/JDVancePress,Doesn't exist,,,4104,1061,153,24,647,Official Press Account of JD Vance for U.S. Senate  TEXT 'VANCE' TO 40442,"Cincinnati, OH",2021-07-01 13:27:31+00:00,False,False,,2022-02-24 00:00:00+00:00,237,misinfo
1509985789404459011,https://twitter.com/ViktoriiaUAH/status/1509985789404459011,,My brother sent this to me. Town of Bucha northwest of Kyiv. The amount of dead citizens on one street alone…I just can’t even process. https://t.co/KOSwISih6N,Fri Apr 01 20:07:21 +0000 2022,37458,18212,en,1038196291753402369,Viktoriia 🇺🇸🇺🇦,ViktoriiaUAH,https://twitter.com/ViktoriiaUAH,,0.4,,12823,640,11990,98,10001,"1st gen Ukrainian American. Legal Immigrant. Naturalized Citizen. PA in Ukraine, doing it all over again here. #istandwithukraine","New Orleans, LA",2018-09-07 22:44:19+00:00,False,False,,2022-02-24 00:00:00+00:00,1265,misinfo
1519918367032885248,https://twitter.com/thierrybaudet/status/1519918367032885248,,Zoals ik bespreek met Karel van Wolferen in de @_GezondVerstand podcast die vandaag online komt: Oekraïne is (net als Israel) een soort “proeftuin” voor het militair-industrieel complex en de deep state. Dus je ziet daar als eerste wat ze vervolgens overal willen uitrollen.,Fri Apr 29 05:55:52 +0000 2022,645,306,nl,367703310,Thierry Baudet,thierrybaudet,https://twitter.com/thierrybaudet,,0.0,,273713,370,1923,1932,28855,Forum voor Democratie,"Amsterdam, Netherlands",2011-09-04 12:25:52+00:00,True,False,,2022-02-24 00:00:00+00:00,3825,misinfo
1518156952404172801,https://twitter.com/angelo_falanga/status/1518156952404172801,,"Nel frattempo in ucraina, la pasqua si festeggia con i dolci dedicati all'Azof. Adolf e Bandera avrebbero apprezzato. https://t.co/pr2CdFgi1z",Sun Apr 24 09:16:38 +0000 2022,32,19,it,1340196235840516097,Angel Van Lang (divergent)🇪🇺✊ #noNATO,angelo_falanga,https://twitter.com/angelo_falanga,,1.3,,3772,4996,39001,9,21406,"arte, architettura, musica sono le mie muse",mondo,2020-12-19 07:24:32+00:00,False,False,,2022-02-24 00:00:00+00:00,431,misinfo
1502246817580335108,https://twitter.com/PiotrWiel/status/1502246817580335108,,"Możecie sobie pluć do woli, a prawda jest jedna, nie został zbombardowany żaden szpital z dziećmi i ciężarnymi, a to jest szopka @ZelenskyyUa na ruderze dawno ewakuowanego szpitala, która miała wymóc na NATO, w tym Polsce, zamknięcie strefy powietrznej nad Ukrainą, czytaj III WŚ. https://t.co/nBSzrW5hSP",Fri Mar 11 11:35:26 +0000 2022,921,219,pl,1442188671378079757,Piotr Stanisław Wielgucki,PiotrWiel,https://twitter.com/PiotrWiel,,0.9,,15689,377,6,53,5437,Zasady są proste!,,2021-09-26 18:06:14+00:00,False,False,,2022-02-24 00:00:00+00:00,150,misinfo
1503752892158816262,https://twitter.com/EstadoDAlarmaTV/status/1503752892158816262,,"""📸 La modelo rusa Gretta Vedler quien había llamado a Putin """"psicópata"""" y que llevaba desaparecida un año, ha aparecido muerta dentro de una maleta. https://t.co/R5MpYMsESK""",Tue Mar 15 15:20:02 +0000 2022,42,39,es,1221702677073223681,Estado de Alarma TV,EstadoDAlarmaTV,https://twitter.com/EstadoDAlarmaTV,,0.2,,95329,902,7487,292,32037,Medio de comunicación en el que damos voz a la verdad y luchamos contra la censura y la manipulación.   Contacto: estadodealarmatv@gmail.com,España,2020-01-27 07:53:45+00:00,False,False,,2022-02-24 00:00:00+00:00,758,misinfo
1570055670841442304,https://twitter.com/PopuliNon/status/1570055670841442304,,"#Zelensky, New York, 1999. Oggi è felicemente sposato e chiede soldi all'Italia, grazie al sostegno dei suoi amici globalisti, satanisti, pedofili e iniezionisti. https://t.co/SATtx5WXZp",Wed Sep 14 14:23:36 +0000 2022,520,297,it,1478677204296998917,🖕The Populist🖕🇷🇺,PopuliNon,https://twitter.com/PopuliNon,,1.3,,3146,3813,1021,8,7410,"Dio, Patria, 🇮🇹 Famiglia, No Islam😈No Europa👿No vaxxini",,2022-01-05 10:38:26+00:00,False,False,,2022-02-24 00:00:00+00:00,49,misinfo
1515101153452867592,https://twitter.com/belen_anaan/status/1515101153452867592,deleted post,"La explosión del #Moskva la tripulación y sus mandos muertos junto al buque, #Ukraine 🙏🏻🇺🇦 https://t.co/9p1bXjvjNW",Fri Apr 15 22:53:58 +0000 2022,143,45,es,722305401224441857,Ana Belen,belen_anaan,https://twitter.com/belen_anaan,,2.1,,74,2,537,0,1511,"el cambio humano no se demuestra, menos se difunde, solo cambia y ya, NOTA mi cuenta no es para seguidores de @lopezobrador_ se molestan, mejor no hagan coraje",,2016-04-19 06:06:42+00:00,False,False,,2022-02-24 00:00:00+00:00,2136,misinfo
1582010263619846144,https://twitter.com/TheIntelLab/status/1582010263619846144,,"Satellite image from September 16th, 2022 shows a unique display of #Shahed136 UAVs at Shahed Aviation Industries production facility, Badr Airbase, #Isfahan #Iran. Image © 2022 @Maxar Technologies via @googleearth. #Ukraine #Russia #UAV https://t.co/NCVQ7jVHGZ",Mon Oct 17 14:06:53 +0000 2022,761,224,en,1306816464708657152,The Intel Lab,TheIntelLab,https://twitter.com/TheIntelLab,,0.4,,32273,410,8432,857,2217,#TheIntelLab | Intelligence as a Service (IaaS) | GEOINT | IMINT,,2020-09-18 04:45:06+00:00,False,False,,2022-02-24 00:00:00+00:00,523,misinfo
1557083787481255936,https://twitter.com/StanislawPolska/status/1557083787481255936,suspended account,"Zelensky sprzedał 17 milionów hektarów gruntów rolnych firmom Monsanto, Dupont i Cargill.dobrze czytasz,17 milionów hektarów dla firm GM0/chemicznych należących do BlackRock 10 miliardów dolarów, Vanguard 6 miliardów dolarów, Blackstone 881 miliardów dolarów Głód jest zaplanowany https://t.co/YG8nBR9LL6",Tue Aug 09 19:17:58 +0000 2022,1396,664,pl,1518713158361362432,🇵🇱 Stanisław Paluch 🇵🇱,StanislawPolska,https://twitter.com/StanislawPolska,account suspended,,,895,1309,327,3,1056,ZŁODZIEJE I OSZUŚCI DOSZLI DO WŁADZY. NAJBARDZIEJ SKORUMPOWANA WŁADZA W HISTORII POLSKI. WASZ KONIEC JEST BLISKI. NACHODŹCY UKRAIŃSCY WON Z OJCZYZNY !!!,,2022-04-25 22:07:31+00:00,False,False,,2022-02-24 00:00:00+00:00,-61,misinfo
1505150089068568588,https://twitter.com/govern/status/1505150089068568588,,🇺🇦 #Catalunya està al costat d'#Ucraïna  👉 Segueix totes les actuacions del #Govern per donar suport a la comunitat ucraïnesa i a les persones desplaçades a Catalunya a 📲 https://t.co/NtcIuHTND5 https://t.co/66pw2YV0vx,Sat Mar 19 11:52:00 +0000 2022,11,5,ca,145670919,Govern. Generalitat,govern,https://twitter.com/govern,,0.0,,321444,124,1564,1923,71725,Govern de la Generalitat de Catalunya. Aquest twitter difon el dia a dia de l'executiu català i els seus posicionaments polítics.,Catalunya,2010-05-19 15:28:22+00:00,True,False,,2022-02-24 00:00:00+00:00,4298,misinfo
1537463668056772609,https://twitter.com/EU__Politics/status/1537463668056772609,,"Throwback to the ‘good old times‘: #Russian flagship #Moskva (Moscow) of the #BlackSea Fleet sinking after an ammunition explosion occurred on board. While being towed back to the #Sevastopol, it sank.  #Putin #Ukraine #UkraineRussiaWar #Kyiv #SBU #AFU #UkraineWillResist #V #Z https://t.co/WJHnyySLYp",Thu Jun 16 15:54:37 +0000 2022,0,1,en,1467814955013521408,European Affairs,EU__Politics,https://twitter.com/EU__Politics,,0.6,,59,56,923,2,296,This Twitter Chanal is determined to be about European Politics.,,2021-12-06 11:15:34+00:00,False,False,,2022-02-24 00:00:00+00:00,79,misinfo
1585808223025926144,https://twitter.com/ChristopherJM/status/1585808223025926144,,"Zelensky delivers address in pitch-black Kyiv, beginning, “Good evening, warriors of light, energetic people who are always ready to fight.” He likes Russia to Nazi Germany, noting the 80th anniversary of Nazi defeat. “Evil, which seemed to be defeated…in 1945, is reborn…” https://t.co/sr3ZtyIaPl",Fri Oct 28 01:38:37 +0000 2022,13924,3566,en,16827148,Christopher Miller,ChristopherJM,https://twitter.com/ChristopherJM,,0.1,,422582,4126,52105,10461,69762,Ukraine correspondent @FT. 12+ years in Ukraine and Eastern Europe. christopher.miller@ft.com. DM for Signal.,Ukraine,2008-10-17 16:55:19+00:00,True,False,,2022-02-24 00:00:00+00:00,4877,misinfo
1501244642867793929,https://twitter.com/danialonpri/status/1501244642867793929,,Misión cumplida  CNN: “La invasión de Ucrania causa Miocarditis” https://t.co/ud74I5Or4n,Tue Mar 08 17:13:09 +0000 2022,1809,869,es,4866806422,Daniel Alonso,danialonpri,https://twitter.com/danialonpri,,1.2,,9761,4094,23770,54,5305,"Semilla Estelar con un poco de mala leche y un poco más de humor. Datos y argumentos razonados, no pido demasiado. Guerrero en esta Tercera Guerra Mundial. 💪🧡",En un rincón del UNIVERSO,2016-01-31 15:45:25+00:00,False,False,,2022-02-24 00:00:00+00:00,2215,misinfo
1579349045071712256,https://twitter.com/Ukraine66251776/status/1579349045071712256,suspended account,Big Breaking  Russian Missile Strikes Reported In Central #Kiev. Clouds Of Black Smoke Can Be Seen Rising From Buildings  #Zelensky Office may have been hit (unconfirmed)  #Russia Fired 10 Missiles At #Mykolaiv 12 missiles at #Zaporizhzhia  5 missiles at #Kiev centre https://t.co/HYcMSmdXmw,Mon Oct 10 05:52:09 +0000 2022,695,351,en,1517696955329228800,UkraineNews,Ukraine66251776,https://twitter.com/Ukraine66251776,account suspended,,,33645,2268,13511,444,8615,News from war zone Ukraine,,2022-04-23 02:49:27+00:00,False,False,,2022-02-24 00:00:00+00:00,-59,misinfo
1566436476895772674,https://twitter.com/LLP_Le_Vrai/status/1566436476895772674,,On se marie ainsi en Ukraine ! 🤪😲🤔 #Nazi https://t.co/5o2TpHzAdA,Sun Sep 04 14:42:13 +0000 2022,325,191,fr,276120646,LeLibrePenseur,LLP_Le_Vrai,https://twitter.com/LLP_Le_Vrai,,0.4,,53993,125,42950,258,53081,"Chir. dentiste, lanceur d'alerte, éditeur, écrivain.  Aider 👉 https://fr.tipeee.com/salim-laibi-le-libre-penseur Notre Telegram : http://t.me/Salim_Laibi_LLP",Marseille,2011-04-02 18:00:52+00:00,False,False,,2022-02-24 00:00:00+00:00,3980,misinfo
1501683327908352002,https://twitter.com/Resist_05/status/1501683327908352002,,The WEF/UN/EU has taken control of the Ukraine… only citizens that are vaccinated and get Digital ID will be eligible for monetary aid… https://t.co/2KdEcWdFRo,Wed Mar 09 22:16:19 +0000 2022,478,417,en,1430497892314218502,Pelham,Resist_05,https://twitter.com/Resist_05,,0.1,,21901,37,19787,115,1236,Live life for each second.. without hesitation,,2021-08-25 11:51:06+00:00,False,False,,2022-02-24 00:00:00+00:00,182,misinfo
1578646239804997632,https://twitter.com/BenDoBrown/status/1578646239804997632,,CCTV footage of the explosion on the Kerch Bridge between Russia and Crimea  this morning.    https://t.co/i0NUB4z5T9,Sat Oct 08 07:19:28 +0000 2022,403,159,en,915895342532583424,Benjamin Strick,BenDoBrown,https://twitter.com/BenDoBrown,,1.2,,48889,1534,20977,1247,5963,Digital Investigator. OSINT/GEOINT. Investigations Director @Cen4infoRes & @MyanmarWitness. Prev #BBCAfricaEye & @Bellingcat. YouTube: http://bit.ly/OSINTBenS,London,2017-10-05 11:04:00+00:00,True,False,,2022-02-24 00:00:00+00:00,1602,misinfo
1499035323518844929,https://twitter.com/kishanreddybjp/status/1499035323518844929,,"Welcome Back to Motherland!  Welcome Home!  Received our students who have been safely evacuated from #Ukraine, under @opganga, on behalf of our people, PM Shri @narendramodi ji &amp; Government of India, today in New Delhi. #OperationGanga https://t.co/TY08HJHp2Y",Wed Mar 02 14:54:06 +0000 2022,920,487,en,160509668,G Kishan Reddy,kishanreddybjp,https://twitter.com/kishanreddybjp,,0.1,,306374,763,36391,422,30393,"Union Minister For Culture, Tourism And Development Of North Eastern Region (DoNER), Government of India | MP - Secunderabad","Hyderabad, Telangana.",2010-06-28 11:05:12+00:00,True,False,,2022-02-24 00:00:00+00:00,4258,misinfo
1628091974745223168,https://twitter.com/Mariana_Betsa/status/1628091974745223168,,Recovery of Ukraine in action #StopRussia #StandWithUkraine https://t.co/lRPFFqomcc,Tue Feb 21 17:59:09 +0000 2023,601,69,en,3362160970,Mariana Betsa,Mariana_Betsa,https://twitter.com/Mariana_Betsa,,0.5,,45356,1194,26953,676,21794,Ambassador of Ukraine to Estonia. Former Spokesperson for @Mfa_Ukraine (2015-2018),"Tallinn, Eesti",2015-07-06 09:06:27+00:00,True,False,,2022-02-24 00:00:00+00:00,2424,misinfo
1498244115909287940,https://twitter.com/AgenciaAnadolu/status/1498244115909287940,,Imagen de la Agencia Anadolu de sobreviviente de un ataque aéreo en #Ucrania expuso el rostro de la guerra al mundo.  https://t.co/wJEfIgYhmW https://t.co/7t8eW274Tj,Mon Feb 28 10:30:07 +0000 2022,43,19,es,894490872665997313,Agencia Anadolu,AgenciaAnadolu,https://twitter.com/AgenciaAnadolu,,1.1,,4733,640,669,70,42066,Cuenta oficial del servicio en español de la Agencia Anadolu de Turquía.   @anadoluajansi,"Bogotá, D.C., Colombia",2017-08-07 09:30:17+00:00,True,False,,2022-02-24 00:00:00+00:00,1661,misinfo
1485415912706613249,https://twitter.com/JenGriffinFNC/status/1485415912706613249,,"From State Dept call: “Given that the President has said military action by Russia could come at any time. The US government will not be in a position to evacuate US citizens. So US citizens, currently present in Ukraine should plan accordingly.” Arrange commercial flights.",Mon Jan 24 00:55:25 +0000 2022,9896,4486,en,885149478,Jennifer Griffin,JenGriffinFNC,https://twitter.com/JenGriffinFNC,,0.1,,218883,585,781,2405,16208,National Security Correspondent for @FoxNews http://bit.ly/QnMLBV,,2012-10-16 19:42:55+00:00,True,False,,2022-02-24 00:00:00+00:00,3417,misinfo
1501286605784551426,https://twitter.com/UN_Spokesperson/status/1501286605784551426,,From today's noon briefing: the @UN does not have a list of banned words when it comes to describing the war in Ukraine. https://t.co/3pvwektTJf,Tue Mar 08 19:59:54 +0000 2022,377,178,en,148517828,UN Spokesperson,UN_Spokesperson,https://twitter.com/UN_Spokesperson,,0.1,,785320,1169,528,4508,22660,Official Twitter account of the Office of the Spokesperson for United Nations Secretary-General @antonioguterres,"New York, USA",2010-05-26 22:36:33+00:00,True,False,,2022-02-24 00:00:00+00:00,4291,misinfo
1497137506256576544,https://twitter.com/pmesii_insider/status/1497137506256576544,,The man hit by russian invader's vehicle is ALIVE #kyiv #stopwar #invasion https://t.co/UerX8HrTNF,Fri Feb 25 09:12:51 +0000 2022,561,141,en,1307648751776010241,PMESII,pmesii_insider,https://twitter.com/pmesii_insider,,0.6,,3840,81,913,43,1221,"The war in Ukraine, war crimes, prisoners of war, losses of the Russian Army.  Why am I doing this? Shatter your myth about RU. Sensitive content on the page!",Antarctica,2020-09-20 11:53:42+00:00,False,False,,2022-02-24 00:00:00+00:00,521,misinfo
1500525792555671562,https://twitter.com/Sputnik_Not/status/1500525792555671562,,BREAKING: Russia bans all John Deere farming equipment https://t.co/C3xV8yB9eu,Sun Mar 06 17:36:42 +0000 2022,2936,334,en,4382006968,Sputnik,Sputnik_Not,https://twitter.com/Sputnik_Not,,0.4,,79409,0,0,612,130,The only Sputnik news agency available in Europe,Kremlin,2015-12-05 10:17:19+00:00,False,False,,2022-02-24 00:00:00+00:00,2272,misinfo
1573367460283154433,https://twitter.com/RALee85/status/1573367460283154433,,Ukraine’s Southern Air Command says it shot down an Iranian Mohajer-6 UCAV.  https://t.co/SMXvkVHMRg https://t.co/Og9HJ6dUt4,Fri Sep 23 17:43:28 +0000 2022,1917,230,en,4107939250,Rob Lee,RALee85,https://twitter.com/RALee85,,0.2,,613671,4239,9829,12935,61607,"PhD student @warstudies. Senior Fellow @FPRI. Previously @USMC, @ColumbiaSIPA, @CentreAST. Focused on Russian defense policy.",,2015-11-03 23:15:13+00:00,False,False,,2022-02-24 00:00:00+00:00,2304,misinfo
1507411655390642177,https://twitter.com/KyivIndependent/status/1507411655390642177,,"⚡️In apparent gaffe, Biden tells US troops in Poland they will see the bravery of Ukrainians “when you are there.”  Biden made the remark as he met the U.S. Air Force’s 82nd Airborne Division. Previously, Biden repeatedly said that the U.S. will not deploy any troops to Ukraine.",Fri Mar 25 17:38:39 +0000 2022,19095,2428,en,1462548977367359490,The Kyiv Independent,KyivIndependent,https://twitter.com/KyivIndependent,,0.1,,2022354,19,133,14303,2595,Independent English-language journalism in Ukraine.  Become our patron: https://t.co/4OIXdyilwG  Donate: https://t.co/SoNr2TVrxO,Kyiv,2021-11-21 22:30:41+00:00,True,False,,2022-02-24 00:00:00+00:00,94,misinfo
1496712564335599626,https://twitter.com/holmescnn/status/1496712564335599626,,image from the Ukrainian President’s office sent to CNN's @mchancecnn following the loud explosions the team heard on the ground in #Kyiv  #Ukraine https://t.co/IpJTDdmSCc,Thu Feb 24 05:04:17 +0000 2022,12743,6550,en,34312259,Michael Holmes,holmescnn,https://twitter.com/holmescnn,,0.4,18/05/2023,32785,3084,6003,764,16272,Australian anchor and correspondent for CNN International. Anchors CNN Newsroom Friday-Monday in the wee hours.   11-time Emmy loser.,"Atlanta, Georgia, USA",2009-04-22 16:07:07+00:00,True,False,,2022-02-24 00:00:00+00:00,4690,misinfo
1497254180108570633,https://twitter.com/root_nomad/status/1497254180108570633,deleted post,The sanction nobody is talking about. Russian users who attempted to visit pornhub were quite literally cockblocked by a message that told them that the content has been stopped along with a Ukranian flag and message of Ukranian support  #Ukraine #UkraineRussia #UkraineInvasion https://t.co/XdI75534JW,Fri Feb 25 16:56:28 +0000 2022,79337,14483,en,717872450877284354,┴HפIN⅄qʞƆ∀H,root_nomad,https://twitter.com/root_nomad,Doesn't exist,,,947,2914,2607,13,585,living in the future. apocalyptic pizza delivery by day metaverse samurai prince by night.,"Amsterdam, The Netherlands",2016-04-07 00:31:44+00:00,False,False,,2022-02-24 00:00:00+00:00,2148,misinfo
1497164782952239104,https://twitter.com/ItsOlegi21/status/1497164782952239104,,"Ukrainian pilot who is 6-0 shoots down a Russian Su-35 with his Mig-29. He’s been nicknamed the ghost of Kyiv, and is the first pilot since WW2 to achieve ace status! https://t.co/WsoadzLrdQ",Fri Feb 25 11:01:14 +0000 2022,22666,3099,en,1403461662070521856,Olegi21 🇺🇦💙💛,ItsOlegi21,https://twitter.com/ItsOlegi21,,0.7,,251,115,10447,5,1264,19 | 🇺🇦/ 🇮🇪 | BS/CR |,,2021-06-11 21:18:39+00:00,False,False,,2022-02-24 00:00:00+00:00,257,misinfo
1509223304984506371,https://twitter.com/NikkiFried/status/1509223304984506371,,"Reminder: Ron DeSantis is choosing to keep $300,000,000 of Florida’s pension invested in Russia, hoping the country rebounds.  He’s betting our pension on Russia.",Wed Mar 30 17:37:30 +0000 2022,16952,5778,en,37190669,Nikki Fried,NikkiFried,https://twitter.com/NikkiFried,,0.1,,278309,2031,9498,925,8114,Florida Agriculture Commissioner. Only statewide elected Democrat since 2012. Running for governor to bring #SomethingNew to Florida.,Donate 👉,2009-05-02 12:52:12+00:00,True,False,,2022-02-24 00:00:00+00:00,4680,misinfo
1501144699196817408,https://twitter.com/LezLuthor/status/1501144699196817408,,"The city of Kyiv is now a Movie set…  Come experience the illusion of war as we walk though the Hollywood set know as Kyiv.  PROPS such as abandoned cars, blockades and checkpoints are placed around the city by the visual effects team for a fully immersive 4D experience. https://t.co/WCv9chcEle",Tue Mar 08 10:36:00 +0000 2022,2596,1306,en,1400585627981201409,Lez LuTHOR,LezLuthor,https://twitter.com/LezLuthor,,0.4,,22244,18,3069,67,2397,Illusion Warfare Correspondent & Boogeyman Economic Adviser.,,2021-06-03 22:50:34+00:00,False,False,,2022-02-24 00:00:00+00:00,265,misinfo
1582840182960967680,https://twitter.com/francis_scarr/status/1582840182960967680,,Today on Russian TV:  Ukraine has a nuclear bomb primed in Mykolaiv which it will detonate and then blame on Russia so that the US has a justification for getting directly involved in the war and launching missiles on Russia  Got all of that? 🤪 https://t.co/Zfvln18j6P,Wed Oct 19 21:04:42 +0000 2022,10104,3206,en,824325992827252736,Francis Scarr,francis_scarr,https://twitter.com/francis_scarr,,0.0,,98594,2405,12605,2330,3492,With @BBCMonitoring watching Russian state TV so you don't have to,United Kingdom,2017-01-25 18:40:06+00:00,False,False,,2022-02-24 00:00:00+00:00,1855,misinfo
1572632461234016262,https://twitter.com/NovelSci/status/1572632461234016262,,NOTE: There is a video that alleges to show the Finnish border and a line of cars fleeing from Russia. A few people have said the video is not from today and/or not what it appears to be. I don't have time to look into today--if you see a fact-check for it please link in a reply.,Wed Sep 21 17:02:51 +0000 2022,38,6,en,3882596779,E Rosalie,NovelSci,https://twitter.com/NovelSci,Doesn't exist,,,14872,957,27377,376,27621,Disasters & disinformation (public health + nat sec) @ Johns Hopkins | studies in @nature @mmfa @ranttmedia | Tracking disinfo in 🇺🇦,United States,2015-10-13 16:48:46+00:00,False,False,,2022-02-24 00:00:00+00:00,2325,misinfo
1507325567070347267,https://twitter.com/2_bloempje/status/1507325567070347267,,"Volgens de Duitse President Scholz hebben ze al maanden geleden de sancties tegen Rusland 🇷🇺 tot in het kleinste detail voorbereid. 🤔🤔vreemd, de oorlog tegen Oekraïne 🇺🇦 is toch pas weken oud? Hebben ze deze oorlog ook gepland dan? #oorlog #Oekraïne #sancties https://t.co/BLclZZHyD6",Fri Mar 25 11:56:34 +0000 2022,1146,625,nl,1357014936287924225,Bloempje🌹2/14,2_bloempje,https://twitter.com/2_bloempje,,2.0,,4848,4644,71361,35,8511,"Ik ben gewoon mezelf, direct, onderzoekend, onbevooroordeeld, nieuwsgierig en niet altijd politiek correct. Bevalt het niet, volgen is niet verplicht.",,2021-02-03 17:16:35+00:00,False,False,bot,2022-02-24 00:00:00+00:00,385,misinfo
1500620992019845123,https://twitter.com/Adolezco/status/1500620992019845123,,El coro militar ruso fue detenido por cantar en contra de la Guerra... Así estamos. #Ukraine️ #WarCrimes #PutinWarCrimes #RenunciaDonda https://t.co/L3CMsdTfSb,Sun Mar 06 23:54:59 +0000 2022,579,654,es,807905592,Adolezco,Adolezco,https://twitter.com/Adolezco,,0.1,,183,232,6899,3,18443,#PythonLover #Programmer #EthicalHacking Extraño el Twitter 2009 lejos de la cristalería.,Eden-6,2012-09-07 00:59:39+00:00,False,False,,2022-02-24 00:00:00+00:00,3456,misinfo
1497358607247101957,https://twitter.com/RALee85/status/1497358607247101957,,"A reminder to be skeptical of any initial reports or claims tonight, including from Russian or Ukrainian government sources. Many people said this was a Russian tank in Kyiv this morning, but it is a Strela-10 air defense system and is almost certainly Ukrainian. https://t.co/XrmCS9Eqj4",Fri Feb 25 23:51:26 +0000 2022,5093,1310,en,4107939250,Rob Lee,RALee85,https://twitter.com/RALee85,,0.2,,364118,4027,8393,8126,43310,"PhD student @warstudies. Senior Fellow @FPRI. Previously @USMC, @ColumbiaSIPA, @CentreAST, and @AlfaFellowship. Focused on Russian defense policy.",,2015-11-03 23:15:13+00:00,False,False,,2022-02-24 00:00:00+00:00,2304,misinfo
1520823269313634307,https://twitter.com/666Lucifergod/status/1520823269313634307,deleted post,The discovery of Zelensky's Russian passport the two scammers scammed 29 Nation he had set up a scheme to recover weapons and money from NATO  Time Humour 🤗 By Mark Ariman Allias Lucifer Angel https://t.co/8Fm6oxC3wj,Sun May 01 17:51:37 +0000 2022,4,2,en,1345456838607826948,Sophie Maupu World Account Marceau,666Lucifergod,https://twitter.com/666Lucifergod,,1.8,,8177,7702,39609,11,23586,the owner of the twitter account is Lucifer Angel Supports Russia All our tweets are sent under United States Amendment 1,France Paris / St Tropez Var,2021-01-02 19:48:37+00:00,False,False,,2022-02-24 00:00:00+00:00,417,misinfo
1577248641663705088,https://twitter.com/Strandjunker/status/1577248641663705088,,Just for those who may be a little confused: Elon Musk did not generously donate his Starlink satellite internet to Ukraine. The Biden administration had to pay him for it.,Tue Oct 04 10:45:54 +0000 2022,140972,31941,en,1866938882,Andrea Junker,Strandjunker,https://twitter.com/Strandjunker,,0.1,,256434,128,387252,884,7827,"Digital Nomad: Home is the here and now. Addict: Tabasco, dark chocolate, coffee. Activist: Strong and persistent voice against Trumpism.",,2013-09-15 08:50:57+00:00,False,False,,2022-02-24 00:00:00+00:00,3083,misinfo
1571743633866457088,https://twitter.com/Dreambu49405472/status/1571743633866457088,deleted post,Yes it's Zelensky. 1999 New York https://t.co/1ErmADPlum,Mon Sep 19 06:10:58 +0000 2022,559,357,en,1524457175665594370,Dreambuilder,Dreambu49405472,https://twitter.com/Dreambu49405472,,3.0,,3855,4503,23510,1,9478,"Christian Conservative. US Army Veteran. Wife, Mother, Grandm to 13, Great Grandm to 1. Still crazy in Love with my husband after all these years ❤️ Ultra MAGA",Arkansas,2022-05-11 18:41:03+00:00,False,False,,2022-02-24 00:00:00+00:00,-77,misinfo
1579594970801278976,https://twitter.com/MediaservicesEU/status/1579594970801278976,,Amerikaanse ambassadeur i Oekraïne Bridget Ann Brink gearresteerd op beschuldiging van verraad nadat White Hats bij Cyber Command ontdekten dat ze clandestien enorme hoeveelheden contant geld had geleverd aan Oekraïense functionarissen https://t.co/9PhC7ecSTi via @MediaservicesEU,Mon Oct 10 22:09:23 +0000 2022,2,2,nl,295112173,"Prof dr mr W F Zondervan PhG, SGMV",MediaservicesEU,https://twitter.com/MediaservicesEU,,0.8,,5006,4244,70205,64,148027,"Politiek Webplatform. Wakkermakers, Wakkerhouders. Information, Documentation: Alléen feiten tellen. 🇬🇷",NL-DE-BE-GR-RS-HU,2011-05-08 11:40:29+00:00,False,False,,2022-02-24 00:00:00+00:00,3944,misinfo
1510661555393904643,https://twitter.com/Kees71234/status/1510661555393904643,deleted post,"🇺🇦 Meer bewijs dat het bloedbad van Bucha een hoax is!!   Onderstaande video is van 1 april 2022. De burgemeester van Bucha, Anatoliy Fedoruk, bevestigt hierin dat Bucha bevrijd is. Geen woord over doden en wreedheden van het Russische leger.",Sun Apr 03 16:52:36 +0000 2022,761,426,nl,826525977228541953,Kees71,Kees71234,https://twitter.com/Kees71234,,1.3,,22157,3584,32948,162,35831,Het establishment(inclusief Poetin) gebruikt de oorlog in de Oekraïne om bewust een enorme wereldwijde crisis te creëren!   Telegram: https://t.me/Kees71234,"Zuid-Holland, Nederland",2017-01-31 20:22:03+00:00,False,False,,2022-02-24 00:00:00+00:00,1849,misinfo
1496802689669292039,https://twitter.com/Telegraph/status/1496802689669292039,,"🚨Vladimir Putin has appeared to threaten nuclear strikes if any country tries to attack Russia in retaliation.  In a chilling warning, he said the “consequences” of any attempt to strike back would provoke a response “never seen in history” https://t.co/yrEUaNKIQJ",Thu Feb 24 11:02:25 +0000 2022,16685,6256,en,16343974,The Telegraph,Telegraph,https://twitter.com/Telegraph,,0.1,,3192244,865,371,20447,469652,"Think ahead with the latest news, comment, analysis and video.   Subscribe here: https://www.telegraph.co.uk/customer/subscribe/","London, UK",2008-09-18 06:50:54+00:00,True,False,,2022-02-24 00:00:00+00:00,4906,misinfo
1581924005589962752,https://twitter.com/innova_center/status/1581924005589962752,,A cartoon about Ukraine from the Israeli TV channel INN. Jews don't like Nazis...  #Ukraine #NATORussiaWar  #ukraineIsATerroristState  #UkraineWar https://t.co/ctG6xP6VGX,Mon Oct 17 08:24:08 +0000 2022,26,16,en,191879512,Alexander Ivanov,innova_center,https://twitter.com/innova_center,,0.4,,74,204,1060,14,1163,Economist Experience in managing commercial and non-profit companies Support of investment and innovative projects,Volgograd,2010-09-17 16:05:06+00:00,False,False,,2022-02-24 00:00:00+00:00,4177,misinfo
1581342098426843136,https://twitter.com/MelnykAndrij/status/1581342098426843136,,"Home sweet home❤️ Unser Kampf geht weiter 💪 Die Ukraine wird siegen ✌🏻 Liebe deutsche Freunde, Danke für alles 🙏🏻 Und auf Wiedersehen🤝 https://t.co/yTFoABpt8J",Sat Oct 15 17:51:50 +0000 2022,24996,1164,de,2959037001,Andrij Melnyk,MelnykAndrij,https://twitter.com/MelnykAndrij,,0.0,,167434,77,8335,1138,10422,Ukrainian diplomat and international lawyer. Auf der Durchreise,Ambassador to Germany(2015-22),2015-01-03 20:38:37+00:00,True,False,,2022-02-24 00:00:00+00:00,2608,misinfo
1511544534055804929,https://twitter.com/MUBreaking/status/1511544534055804929,suspended account,BIG: Zelensky is a cousin of George Soros. Pentagon official says. https://t.co/9fJfW0FZJe,Wed Apr 06 03:21:14 +0000 2022,6523,2201,en,1239792177393238016,MUBreaking,MUBreaking,https://twitter.com/MUBreaking,account suspended,,,25498,289,7927,43,1537,World is Chaos,World 📢,2020-03-17 05:54:33+00:00,False,False,,2022-02-24 00:00:00+00:00,708,misinfo
1533131423267397632,https://twitter.com/AlexKhrebet/status/1533131423267397632,,"Russia launched a missile strike on the Nika-Tera private port in Mykolaiv, Ukraine. Oligarch Dmytro Firtash owns it. There is a grain terminal on the territory. Russia continues to exacerbate the food crisis. https://t.co/8CU8ACZmqk",Sat Jun 04 16:59:50 +0000 2022,10406,4651,en,86302370,Alexander Khrebet/Олександр Хребет,AlexKhrebet,https://twitter.com/AlexKhrebet,,0.6,,35090,1320,10046,981,19290,@ZN_UA's international desk editor  Редактор видання Дзеркало тижня  #Ukraine and post-Soviet area a.khrebet@zn.ua khrebetis@gmail.com,"Kyiv, Donetsk, Ukraine",2009-10-30 12:36:36+00:00,True,False,,2022-02-24 00:00:00+00:00,4499,misinfo
1572615607727820805,https://twitter.com/Ohra_aho/status/1572615607727820805,,"The situation on Finland's borders has not changed significantly today with the announcement of Russia's partial mobilisation. Videos are circulating on social media, at least some of which were filmed earlier and taken out of context. There is incorrect information on the move.",Wed Sep 21 15:55:53 +0000 2022,441,189,en,224671891,Harri Ohra-aho,Ohra_aho,https://twitter.com/Ohra_aho,,0.4,,35481,2700,7998,358,28206,"Ministerial Adviser for Intelligence, Major General, CDI (ret.) @DefenceFinland.","Suomi, Porvoo Borgå",2010-12-09 15:42:48+00:00,True,False,,2022-02-24 00:00:00+00:00,4094,misinfo
1522528686330765313,https://twitter.com/ILRUSSO1/status/1522528686330765313,suspended account,"🔥🔥🔥Alexandra Zelenskaya, Zelensky's daughter hates her father, calls him a people and a killer of the Ukrainian people🔥🔥🔥 https://t.co/IV7iFQPMI0",Fri May 06 10:48:20 +0000 2022,86,27,en,1508382160494944259,🇷🇺Z🇷🇺Z🇷🇺IL RUSSO🇷🇺Z🇷🇺Z🇷🇺,ILRUSSO1,https://twitter.com/ILRUSSO1,account suspended,,,2501,2,750,21,1967,,Italia,2022-03-28 09:55:22+00:00,False,False,,2022-02-24 00:00:00+00:00,-33,misinfo
1588129623161839617,https://twitter.com/AaronBlake/status/1588129623161839617,deleted post,"""Percentage of Republicans who say we're doing """"too much"""" to support Ukraine:  March (WSJ): 6%  March (Pew): 9%  May (Pew): 17%  Sept. (Pew): 32%  Today (WSJ): 48%  https://t.co/eX43Dfd5wZ""",Thu Nov 03 11:23:02 +0000 2022,2722,1056,en,136300373,Aaron Blake,AaronBlake,https://twitter.com/AaronBlake,,0.3,,147800,4538,6406,3446,7022,"Senior political reporter, writing for The Fix at The Washington Post. aaron.blake@washpost.com","Washington, D.C./NoVa",2010-04-23 15:00:15+00:00,True,False,,2022-02-24 00:00:00+00:00,4324,misinfo
1497553197958787074,https://twitter.com/AravinthanD2/status/1497553197958787074,deleted post,#UkraineRussiaWar Two Ukrainian kids seen Paying their respect to Ukraine troops heading to the war front . True Patriotism #Ukraine 🇺🇦 ✊🏾#RussiaUkraineWar      #UkraineRussiaWar https://t.co/zHvfZKNAia,Sat Feb 26 12:44:40 +0000 2022,24,6,en,1386993972728369161,Tweet to trend தமிழா,AravinthanD2,https://twitter.com/AravinthanD2,Doesn't exist,,,14,137,63,0,81,Trending with Twitter தமிழா 👑  Follow for more information   தமிழ் பசங்க follow பன்னுங்க 😍  🎯 AIM 1K FOLLOWERS ON TWITTER 🎯  💯 follow back,,2021-04-27 10:42:38+00:00,False,False,,2022-02-24 00:00:00+00:00,302,misinfo
1521052882635796482,https://twitter.com/RafaChessBcn/status/1521052882635796482,,En Ucrania venden cirios de San Zelenski. https://t.co/78olRd842m,Mon May 02 09:04:01 +0000 2022,247,130,es,2830617183,Ⓜⓔⓝⓖⓐⓝⓞ Ⓓⓔ Ⓣⓐⓛ,RafaChessBcn,https://twitter.com/RafaChessBcn,,0.6,,3266,5001,46292,28,84204,Harto de manipulaciones y mentiras. Rusia tiene razón.,Barcelona,2014-10-14 22:59:27+00:00,False,False,,2022-02-24 00:00:00+00:00,2689,misinfo
1619802046659690496,https://twitter.com/PieterJanse5/status/1619802046659690496,deleted post,"""ZELENSKY EIST DAT EUROPA ELKE MAN VAN STRIJDBARE LEEFTIJD PER DIRECTE UIT ZET !!!  Een woordvoerder van de Russische regering beweert dat Duitse tanks in Oekraïne zullen worden verslagen en dat """"Russische tanks uiteindelijk Berlijn zullen bereiken"""".  👉‼️ Eerste bevestiging dat""",Sun Jan 29 20:57:57 +0000 2023,106,40,nl,1524410857530220550,president Netherland,PieterJanse5,https://twitter.com/PieterJanse5,doesn't exist,4.3,,4440,5001,71,3,4885,,,2022-05-11 15:29:19+00:00,False,False,bot,2022-02-24 00:00:00+00:00,-77,misinfo
1501676230617321480,https://twitter.com/PressSec/status/1501676230617321480,,We took note of Russia’s false claims about alleged U.S. biological weapons labs and chemical weapons development in Ukraine.  We’ve also seen Chinese officials echo these conspiracy theories.,Wed Mar 09 21:48:07 +0000 2022,45337,13433,en,1349170292564905988,Jen Psaki,PressSec,https://twitter.com/PressSec,,0.0,,2256581,371,423,6150,704,WH Press Sec. Working mom of 2 small humans. Spends most days communicating about @POTUS' agenda & rebuilding trust with the American people.,,2021-01-13 01:45:57+00:00,True,False,,2022-02-24 00:00:00+00:00,406,misinfo
1515478951887523843,https://twitter.com/stranahan/status/1515478951887523843,,Why is Zelenskyy a billionaire?,Sat Apr 16 23:55:13 +0000 2022,24731,5279,en,5820642,Lee Stranahan 🇷🇺,stranahan,https://twitter.com/stranahan,,0.8,,83708,54934,14843,1707,309087,I stand with Russia. Host of The Backstory on Radio Sputnik. Digital artist. In Oliver Stone’s Revealing Ukraine. King of Sioux Falls. Pronoun:y'all.,Sanford Medical Center,2007-05-07 02:26:41+00:00,True,False,,2022-02-24 00:00:00+00:00,5406,misinfo
1599881106441977856,https://twitter.com/Gerashchenko_en/status/1599881106441977856,,A new video of Russian Ka-52 helicopter being destroyed by Ukrainian Forces.  📹: State Border Guard Service of Ukraine https://t.co/1Fs38Da4sy,Mon Dec 05 21:39:14 +0000 2022,2040,191,en,1505481949854502915,Anton Gerashchenko,Gerashchenko_en,https://twitter.com/Gerashchenko_en,,0.1,,216192,505,1153,2434,6297,Ukrainian patriot. Advisor to the Minister of Internal Affairs of Ukraine. Founder of the Institute of the Future. Official enemy of Russian propaganda,Ukraine,2022-03-20 09:52:25+00:00,True,False,,2022-02-24 00:00:00+00:00,-25,misinfo
1515336517773926405,https://twitter.com/HenryJP5/status/1515336517773926405,,@Gerard1945X Meer dan 80% van Oekraïne is veilig en zonder oorlog.  Waarom 2500 km. vluchten als het ook in je eigen land kan! https://t.co/qRR0vS0Tbl,Sat Apr 16 14:29:14 +0000 2022,268,127,nl,3410940773,Don Henrique Minister van Twit.,HenryJP5,https://twitter.com/HenryJP5,,1.6,,6925,2193,125812,12,23253,"Alumnus Geneeskunde, klassieke auto's, MLA vliegen. Portugal, beetje Nederland. ‘Casa é onde o sol brilha’. Vermeend ‘racist’. Liked geen racistische tweets",,2015-08-09 19:05:01+00:00,False,False,,2022-02-24 00:00:00+00:00,2390,misinfo
1596441619980374017,https://twitter.com/harriton777/status/1596441619980374017,,"""#Quatar2022 Anche in #Francia il nazismo è associato all'#Ucraina.  Charlie Hebdo ha lanciato un numero speciale sulle avventure dei nazisti ucraini in Qatar. - """"Zig grandine"""" - Qualcosa in ucraino ... Questa è una satira di un recente incidente a Doha in cui tre turisti https://t.co/iJmb7FyQeM""",Sat Nov 26 09:51:57 +0000 2022,18,10,it,2491689563,Юлия,harriton777,https://twitter.com/harriton777,,0.1,,739,720,14199,2,15626,Dalla Russia con furore. Ricambio folow. No DM.,"Milano, Lombardia",2014-04-18 08:34:54+00:00,False,False,,2022-02-24 00:00:00+00:00,2868,misinfo
1508424057770889222,https://twitter.com/YourAnonNews/status/1508424057770889222,,Leaked document from Russia with order to film propaganda videos in order to discredit the attitude of Ukrainian forces to POWs https://t.co/OofICo21QQ,Mon Mar 28 12:41:35 +0000 2022,52050,17367,en,279390084,Anonymous,YourAnonNews,https://twitter.com/YourAnonNews,,0.1,,8022759,831,20505,16797,189383,"We are Anonymous, we are legion, we do not forgive, we do not forget. Expect us.   Prepared to go forward w/it. Here live. Not a cat.  #Anonymous #HackThePlanet",The Interwebs,2011-04-09 05:10:37+00:00,False,False,,2022-02-24 00:00:00+00:00,3973,misinfo
1497874223246815236,https://twitter.com/MSNBC/status/1497874223246815236,,"""Sarah Kendzior: """"Trump was installed as the president of the United States in order to weaken the alliances that were preventing Putin from achieving his goals. Alliances like NATO, our relationship with our European partners...with Ukraine."""" https://t.co/NNbYfcd8j8 https://t.co/v2NS19oBSS""",Sun Feb 27 10:00:18 +0000 2022,16527,6252,en,2836421,MSNBC,MSNBC,https://twitter.com/MSNBC,,0.2,,4596911,792,815,30092,276040,"The place for in-depth analysis, political commentary and diverse perspectives. Home of @MSNBCDaily.",,2007-03-29 13:15:41+00:00,True,False,,2022-02-24 00:00:00+00:00,5445,misinfo
1537466314968776706,https://twitter.com/Founders_Forum/status/1537466314968776706,,"President Zelensky (@ZelenskyyUa) addresses the global tech community, via hologram, at #FFLondon22, urging innovators to help #RebuildUkraine  We are here 🇺🇦 https://t.co/6JbjMpp3aY",Thu Jun 16 16:05:08 +0000 2022,56,22,en,612592720,Founders Forum,Founders_Forum,https://twitter.com/Founders_Forum,,0.8,,11250,1242,3577,223,2159,"Community for founders, CEOs & global leaders. Co-host of #LondonTechWeek's @ClimateTech_ & @FFxHealthTech",Worldwide,2012-06-19 14:25:03+00:00,False,False,,2022-02-24 00:00:00+00:00,3536,misinfo
1515367144527175689,https://twitter.com/brechtcastel/status/1515367144527175689,,"By taking the background of the footage, the residential building, it was possible to pin the location to a place right between Irpin and Kyiv city. 📍  Geolocation. ✅  The timefunction on Google Streetview shows it's should be post 2019. 8/... https://t.co/GXr2LMN9gR",Sat Apr 16 16:30:56 +0000 2022,306,13,en,931972285149405186,Brecht Castel,brechtcastel,https://twitter.com/brechtcastel,,0.3,,13388,4130,7372,232,7367,📰 Journalist/factchecker @Knack 😍 #OSINT | 🎥 #HowToOSINT🧐 on YouTube: http://tinyurl.com/brechtcastel | 🎙️ Kerekewere   Tips? ➡️  DM,"Brussels, Belgium",2017-11-18 19:48:02+00:00,False,False,,2022-02-24 00:00:00+00:00,1558,misinfo
1500421851234947073,https://twitter.com/xyk_09_yjy__0jo/status/1500421851234947073,,"#Zelensky con croce di ferro nazista stampata sulla maglietta, trasmesso dal #Tg2, mentre richiede intervento militare #NATO in #Ukraine️  La TV di stato pubblica questo, il governo italiano invia armi a costui  Siamo ancora una repubblica fondata sui valori dell'antifascismo? https://t.co/K76h3wvmsp",Sun Mar 06 10:43:40 +0000 2022,139,62,it,777092386883248128,Mirella ☭ #aнтифa ☭,xyk_09_yjy__0jo,https://twitter.com/xyk_09_yjy__0jo,Doesn't exist,,,2073,171,72578,20,58028,"🚫 NO FASCISTI, RAZZISTI, OMOFOBI, LEGHISTI, MAFIOSI  🚫 NO PORNO",Earth 🌍,2016-09-17 10:30:37+00:00,False,False,,2022-02-24 00:00:00+00:00,1985,misinfo
1499690462730407943,https://twitter.com/DebatAlRojoVivo/status/1499690462730407943,deleted post,🚨  El momento en el que un misil ruso impacta de lleno en la mayor central nuclear de Ucrania. La explosión de esta central podría ser 10 veces peor que la de Chernobil.  https://t.co/p13NGD2IjQ https://t.co/mrHRPhAQ9h,Fri Mar 04 10:17:23 +0000 2022,65,28,es,237413314,AlRojoVivo,DebatAlRojoVivo,https://twitter.com/DebatAlRojoVivo,,0.0,,561873,302,51,3240,98534,"Un debate plural donde caben las opiniones y sugerencias de todos. De lunes a viernes, a las 11 horas, en @laSextaTV",,2011-01-12 19:56:36+00:00,True,False,,2022-02-24 00:00:00+00:00,4060,misinfo
1498781926596825089,https://twitter.com/tsnua/status/1498781926596825089,,Голі та примотані до стовпів: в Україні винайшли сороміцьке покарання для десятків мародерів https://t.co/a3xJSIkEwl #новини #ТСН https://t.co/LHWg4GrQwx,Tue Mar 01 22:07:11 +0000 2022,254,37,uk,60030749,ТСН.ua (канал 1+1),tsnua,https://twitter.com/tsnua,,0.7,,906285,2,1,1618,233205,"Телевізійна служба новин телеканалу 1+1. Останні новини політики, економіки, спорту — все це ексклюзивно на сайті http://TCH.ua та в цьому твітері",Україна,2009-07-25 10:27:41+00:00,False,False,,2022-02-24 00:00:00+00:00,4596,misinfo
1525598512947281922,https://twitter.com/DaniMayakovski/status/1525598512947281922,,"""En el mismo dia que un terrorista nazi asesinó 10 personas en Buffalo (EEUU), en el circo de Eurovisión los """"cantantes"""" de Ucrania piden ayuda para los nazis del Batallón Azov en Azovstal.  Estos son los """"valores europeos"""", siempre de la mano con las peores alimañas del planeta. https://t.co/cNIaGubx8A""",Sat May 14 22:06:44 +0000 2022,4058,1933,es,1528872169,Daniel Mayakovski,DaniMayakovski,https://twitter.com/DaniMayakovski,,0.1,,26904,429,20817,218,23709,Somos los que no alcanzaremos el mar pero permaneceremos en la lluvia. Somos los que aún habrán de nacer. ☭  Telegram: http://t.me/danielmayakovs…,Valhalla,2013-06-18 21:06:10+00:00,False,False,,2022-02-24 00:00:00+00:00,3172,misinfo
1563298201037578240,https://twitter.com/ivarsigurdson/status/1563298201037578240,,"Résultats intéressants du vote de l'ONU sur une résolution demandant à la Russie d'arrêter l'opération et de retirer l'armée du territoire de l'Ukraine.   Ont voté pour 54 pays, majoritairement des pays alliés et satellites des Etats-Unis.  139 pays ont voté contre. https://t.co/pTXGrQZxBX",Fri Aug 26 22:51:50 +0000 2022,16,12,fr,1438386995722604544,Ivar Sigurdson 🇨🇵 🇷🇺🏴‍☠️,ivarsigurdson,https://twitter.com/ivarsigurdson,,0.7,,1597,38,65056,2,28052,"France Libre.🇨🇵🙏 résistance anti-Macron,anti pass,anti vaccs,anti crédit social,anti retraite 65ans. Traître Macronien ici je vous emmerde. Info en continue.",France,2021-09-16 06:20:12+00:00,False,False,,2022-02-24 00:00:00+00:00,160,misinfo
1505946330459512832,https://twitter.com/RafaChessBcn/status/1505946330459512832,,"""Según leo en telegram las personas atadas en Ucrania con la cara pintada de verde, es por el """"delito"""" de ser gitanos. Ojo, solo los pintados, los hay por mas causas. Para cuando os digan que son """"asaltantes"""" todos nuestros blanqueadores del nazismo. https://t.co/YTI1ZJiZdp""",Mon Mar 21 16:35:58 +0000 2022,4951,3092,es,2830617183,Ⓜⓔⓝⓖⓐⓝⓞ Ⓓⓔ Ⓣⓐⓛ,RafaChessBcn,https://twitter.com/RafaChessBcn,,0.6,,2616,5003,38150,25,77358,Harto de manipulaciones y mentiras. Rusia tiene razón.,Barcelona,2014-10-14 22:59:27+00:00,False,False,,2022-02-24 00:00:00+00:00,2689,misinfo
1613203379102310404,https://twitter.com/CanadianKitty1/status/1613203379102310404,limited engagement,"☦️The village of Ovadne, Volyn region.  ◾For the rector's refusal to move from the Moscow to the Kiev Patriarchate, the Ukranian Nationalists set fire to the Holy Ascension Church.  -UkraineHumanRightsAbuses https://t.co/63NI89HD5L",Wed Jan 11 15:57:12 +0000 2023,183,122,en,170517181,J. Malkova🇷🇺♥️,CanadianKitty1,https://twitter.com/CanadianKitty1,protected view,,,8683,1115,72393,81,37225,"People really need to educate themselves. Things are not always as we are told. Pro BRICS/+🚫NATO, 🚫EU. Pro Russia. Bite me..DMs=BLOCKED",Planet Earth,2010-07-25 02:00:27+00:00,False,False,,2022-02-24 00:00:00+00:00,4231,misinfo
1496716196678225924,https://twitter.com/ASLuhn/status/1496716196678225924,,The aerodrome in Kharkiv Ukraine says was hit by a Russian missile after Putin announced the special military operation in Ukraine https://t.co/ZDX5P9g3Yu,Thu Feb 24 05:18:43 +0000 2022,4028,2801,en,90275200,Alec Luhn,ASLuhn,https://twitter.com/ASLuhn,,0.1,,98292,1865,3020,2843,23171,Scripps environmental journalism fellow interested in the far north. Former Russia correspondent for @guardian & @telegraph. On Wisconsin!,,2009-11-15 23:38:46+00:00,True,False,,2022-02-24 00:00:00+00:00,4483,misinfo
1582105153406390272,https://twitter.com/Wotan00436620/status/1582105153406390272,,"""Es wird scheinbar bereits das nächste #Fake gedreht. Die Überschriften sollen nun """"psychologische Waffen / Schallwaffen der Russen"""" heißen. #FakeNews #Propaganda #Ukraine https://t.co/KL62uJYi5F""",Mon Oct 17 20:23:57 +0000 2022,1214,729,de,1409869461713207301,Wotan,Wotan00436620,https://twitter.com/Wotan00436620,,1.2,,313,125,24515,11,7709,"Meinungsverschiedenheiten müssen wir aushalten, sonst ist unsere eigene Meinung nichts wert.",Deutschland,2021-06-29 13:41:24+00:00,False,False,,2022-02-24 00:00:00+00:00,239,misinfo
1517959565631012866,https://twitter.com/sofianeyanni23/status/1517959565631012866,,Un symptôme bien bizarre ( suite) !  ⚡️Sur cette nouvelle vidéo dans laquelle #Zelensky est en train de discuter  avec #EIonMusk  le cameraman a accidentellement  filmé  la poignée de cocaïne sur son bureau https://t.co/9i2CZivZ11,Sat Apr 23 20:12:17 +0000 2022,0,2,fr,869920815176970243,Sofiane,sofianeyanni23,https://twitter.com/sofianeyanni23,,0.1,,151,241,2849,0,7945,https://www.instagram.com/reel/CZvsaoAKGWM/?utm_medium=copy_link,France,2017-05-31 14:17:39+00:00,False,False,,2022-02-24 00:00:00+00:00,1729,misinfo
1519618372304048129,https://twitter.com/TIME/status/1519618372304048129,,TIME's new cover: Over two weeks in April @shustry went inside Volodymyr Zelensky's compound for a look at how the Ukrainian President and his top advisers are experiencing the war https://t.co/9bmZXfvy8e https://t.co/4PAxf97eNM,Thu Apr 28 10:03:47 +0000 2022,29063,6496,en,14293310,TIME,TIME,https://twitter.com/TIME,,0.2,,19026726,523,584,105841,392569,News and current events from around the globe. Subscribe: http://ti.me/subscribe,,2008-04-03 13:54:30+00:00,True,False,,2022-02-24 00:00:00+00:00,5074,misinfo
1575458827104927745,https://twitter.com/TheBelaaz/status/1575458827104927745,,"🇺🇦✡️ — HATERS: A supermarket in Ukraine denying entry to a group of Jews near the border with Poland today. Hundreds of Jews are stuck for many hours near the Polish border, they fear that they will be stuck there for Shabbos. https://t.co/zLvJp56em4",Thu Sep 29 12:13:49 +0000 2022,7970,4731,en,1029780910198206464,Belaaz News,TheBelaaz,https://twitter.com/TheBelaaz,,0.1,,19394,746,13015,162,24340,"Covering Jewish, Israel, USA, & World Breaking News | Contact@Belaaz.com",New York City,2018-08-15 17:24:36+00:00,True,False,,2022-02-24 00:00:00+00:00,1288,misinfo
1537881949187891202,https://twitter.com/VeraVanHorne/status/1537881949187891202,deleted post,The Poles gave male refugees from Ukraine fit for service (18-60 years old) until June 27 to voluntarily come to migration centers.   After that all Ukrainian men fit for the army will be hunted down and deported back to Ukraine. https://t.co/Sb1JrI2Kjy,Fri Jun 17 19:36:43 +0000 2022,176,129,en,158715457,Vera Van Horne,VeraVanHorne,https://twitter.com/VeraVanHorne,,0.1,,15759,802,23685,213,46278,“Truth Is Treason In an Empire of Lies” - Ron Paul,"Toronto, Ontario",2010-06-23 12:07:20+00:00,False,False,,2022-02-24 00:00:00+00:00,4263,misinfo
1504453338317959169,https://twitter.com/gjfpopken/status/1504453338317959169,,Dead Russian soldiers smoking a sigaret… don’t  believe everything you see… so called ‘killed Russian soldiers’… there is mediacensorship in the West for a reason. We are at a propaganda war #Ukraine #Belarus #Biden https://t.co/91m58QiPLc,Thu Mar 17 13:43:21 +0000 2022,557,287,en,1901687191,Gabrielle Popken,gjfpopken,https://twitter.com/gjfpopken,,0.1,,2523,552,2518,132,3775,Werkt als adviseur in het Europees parlement. Voormalig kamerlid en senator. Vecht voor onze vrijheid.,"Den Haag, Nederland",2013-09-24 20:24:22+00:00,False,False,,2022-02-24 00:00:00+00:00,3074,misinfo
1577604650513080323,https://twitter.com/citizenjournos_/status/1577604650513080323,,"This is the BBC’s Jeremy Bowen in Ukraine allegedly under attack but it seems nobody told the woman, who looks on in bewilderment with her shopping, that bombs were falling down all around her.    Let’s caption this…  “Do ya wanna wee cup of tea son”? https://t.co/YoWMDSY05z",Wed Oct 05 10:20:33 +0000 2022,367,115,en,990720508550373376,Citizen Journalists,citizenjournos_,https://twitter.com/citizenjournos_,,0.4,,15274,524,13710,21,37884,"OSINT Investigators, Citizen Journalists",Northern Ireland,2018-04-29 22:32:30+00:00,False,False,,2022-02-24 00:00:00+00:00,1396,misinfo
1595872476419981312,https://twitter.com/doubleDutchquak/status/1595872476419981312,,Fake War Ukraine   Photos from the phone of an employee of the Ukrainian CIPSO shocked everyone  The photo shows how the girl is being made up. Then they put it on the asphalt and take a picture. https://t.co/BRTSvebc9C,Thu Nov 24 20:10:22 +0000 2022,196,138,en,1509271122109419522,Peaceful Quaker,doubleDutchquak,https://twitter.com/doubleDutchquak,,2.0,,12945,1956,16540,56,22067,just my avatar is a Parody of Doctor Phil,,2022-03-30 20:48:02+00:00,False,False,bot,2022-02-24 00:00:00+00:00,-35,misinfo
1501979343295324162,https://twitter.com/PressSec/status/1501979343295324162,,"This chart illustrates the impact of Putin’s price hike on Americans. Oil prices have risen since the beginning of this year at the same time as Putin’s military build-up, threats, and then unprovoked further invasion of Ukraine. That’s higher gas prices – up more than 75 cents.",Thu Mar 10 17:52:35 +0000 2022,3208,1159,en,1349170292564905988,Jen Psaki,PressSec,https://twitter.com/PressSec,,0.0,,2287673,371,427,6247,718,WH Press Sec. Working mom of 2 small humans. Spends most days communicating about @POTUS' agenda & rebuilding trust with the American people.,,2021-01-13 01:45:57+00:00,True,False,,2022-02-24 00:00:00+00:00,406,misinfo
1498253119658016768,https://twitter.com/MrPatrickMulder/status/1498253119658016768,deleted post,My TIME artwork has gone viral - so I thought it would be appropriate for me to write a little about it. The image is one out of a sequence of three I created on the day Russia invaded Ukraine. I felt the official cover by TIME was uninspired and lacked conviction. https://t.co/m5P5rorqgt,Mon Feb 28 11:05:54 +0000 2022,9884,3180,en,871886124280664066,Patrick Mulder 🏴󠁧󠁢󠁷󠁬󠁳󠁿🇺🇦,MrPatrickMulder,https://twitter.com/MrPatrickMulder,Doesn't exist,,,2956,153,32295,6,581,"Scully, it's me. Husky dad. Runner. Award winning graphic designer. Bookworm and consequent avid collector of dust. Ceisio cynnal orbit safonol.",Arfordir de Cymru,2017-06-06 00:27:05+00:00,False,False,,2022-02-24 00:00:00+00:00,1723,misinfo
1501256598710276107,https://twitter.com/IAPonomarenko/status/1501256598710276107,,Ukrainian military intelligence service says Wagner Group dog tags have been found among Russians killed in action in Ukraine https://t.co/rZEytq1cbn,Tue Mar 08 18:00:39 +0000 2022,20154,5643,en,262219168,Illia Ponomarenko 🇺🇦,IAPonomarenko,https://twitter.com/IAPonomarenko,,0.0,,1081325,1331,22499,11613,14099,"Defense reporter with The Kyiv Independent. War, weapons, beer & heavy metal. A village guy from Donbas in a crusade for something better.","Kyiv, Ukraine",2011-03-07 16:23:56+00:00,True,False,,2022-02-24 00:00:00+00:00,4006,misinfo
1500539810418671626,https://twitter.com/mfa_russia/status/1500539810418671626,,"❗️ @mod_russia: During the course of the special military operation evidence of an emergency clean-up performed by the Kiev regime was found  - aimed at eradicating traces of the military-biological programme, in Ukraine, financed by @DeptofDefense.   👉 https://t.co/4GE6uPvOVf https://t.co/rldp9UMAkx",Sun Mar 06 18:32:24 +0000 2022,1713,984,en,255471924,MFA Russia 🇷🇺,mfa_russia,https://twitter.com/mfa_russia,,0.0,,508955,1445,20972,4962,66643,Ministry of Foreign Affairs of Russia 🇷🇺 (Official account) | Country's account @Russia | По-русски @MID_RF | Español @MAE_Rusia | Arabic - @russia_ar,Russia,2011-02-21 12:45:22+00:00,True,False,,2022-02-24 00:00:00+00:00,4020,misinfo
1630732576997400576,https://twitter.com/ProudElephantUS/status/1630732576997400576,,BREAKING: President Zelensky says the US may have to send their sons and daughters off to war to die for Ukraine.  HELL NO. OVER MY DEAD BODY. https://t.co/I1ZnHv6zrD,Wed Mar 01 00:51:58 +0000 2023,5436,1388,en,810055220,Proud Elephant 🇺🇸🦅,ProudElephantUS,https://twitter.com/ProudElephantUS,,0.2,,203108,28037,50798,142,44001,"Constitutional Conservative | BREAKING NEWS & Political Commentary | God, Family, and America! 🇺🇸",USA,2012-09-08 02:57:01+00:00,False,False,,2022-02-24 00:00:00+00:00,3455,misinfo
1497446929248264195,https://twitter.com/ReporteYa/status/1497446929248264195,,"#26Feb #Guerra #Ucrania #Rudsia Antes del amanecer de este sábado en #Ucrania, continúan las explosiones y detonaciones en los alrededores de #Kiev; ciudadanos ucranianos responden con bombas molotov, incendian tanques rusos.  https://t.co/o3ZdkE4wcw",Sat Feb 26 05:42:23 +0000 2022,1496,972,es,221378668,Reporte Ya,ReporteYa,https://twitter.com/ReporteYa,,0.8,01/06/2023,983548,88777,30584,2747,809651,La Fundación ReporteYa es la red pionera de Periodismo Ciudadano y alfabetización digital en Venezuela. Dicta talleres sobre uso efectivo de redes sociales,Venezuela,2010-11-30 14:16:26+00:00,False,False,,2022-02-24 00:00:00+00:00,4103,misinfo
1494344646864031758,https://twitter.com/DefenceHQ/status/1494344646864031758,,INTELLIGENCE UPDATE: We have seen no evidence that Russian forces are withdrawing from Ukrainian border regions.   Russia retains a significant military presence that can conduct an invasion without further warning. https://t.co/qTYrItLxCf,Thu Feb 17 16:15:02 +0000 2022,1279,596,en,16133530,Ministry of Defence 🇬🇧,DefenceHQ,https://twitter.com/DefenceHQ,,0.0,,655305,636,575,7367,30251,DefenceHQ is the official corporate news channel of the UK Ministry of Defence.  Telegram - http://t.me/UKMinistryofDefence,London UK,2008-09-04 19:05:38+00:00,True,False,,2022-02-24 00:00:00+00:00,4920,misinfo
1628069442033778689,https://twitter.com/ukraine_ua/status/1628069442033778689,,"In February 2022, the Russian missile hit a residential building on Lobanovskyi Avenue in Kyiv, a heartbreaking photo of which horrified the whole world and showed Russia's true intentions.  Almost one year later, the building is renovated. https://t.co/z4lrHn0l4w",Tue Feb 21 16:29:37 +0000 2023,2522,412,en,1539885907410653186,Ukraine.ua,ukraine_ua,https://twitter.com/ukraine_ua,,1.4,,5392,77,73,71,913,http://Ukraine.ua is on Twitter now! Follow us to get verified info on Ukraine 🇺🇦 — the brave country fighting for freedom in the heart of Europe.,Ukraine,2022-06-23 08:22:15+00:00,True,False,,2022-02-24 00:00:00+00:00,-120,misinfo
1496757494714093575,https://twitter.com/anadoluimages/status/1496757494714093575,,"A wounded woman is seen after airstrikes hit an apartment complex in Chuhuiv, Kharkiv Oblast, Ukraine. https://t.co/Pl80tMp7QO  📸: Wolfgang Schwan https://t.co/BJrhDZCaAn",Thu Feb 24 08:02:49 +0000 2022,2326,993,en,71208292,Anadolu Images,anadoluimages,https://twitter.com/anadoluimages,,0.4,,25987,32,306,396,49120,Official Twitter Account of @AnadoluAgency's Images. http://aa.com.tr/en #AA,Turkey,2009-09-03 08:46:04+00:00,True,False,,2022-02-24 00:00:00+00:00,4556,misinfo
1537672340636676097,https://twitter.com/TomacMarti/status/1537672340636676097,,All Ukraine is in this photograph... Her pain and her tears .. https://t.co/mn8bCI3Y4N,Fri Jun 17 05:43:49 +0000 2022,58813,15275,en,1389801754057977861,Tomac Marti,TomacMarti,https://twitter.com/TomacMarti,,0.3,,585,280,7645,7,12930,"USAF Veteran from Vietnam era. Native American Taino Indian from Puerto Rico origin. Club DJ, 70's-80's. Wife's in Ukraine. Moving to there now off the table",,2021-05-05 04:39:22+00:00,False,False,,2022-02-24 00:00:00+00:00,294,misinfo
1497356125087297536,https://twitter.com/Divergente_4528/status/1497356125087297536,,La verdadera razón de Pútin en Ucrania es que destruyó 7 de los 11 biolaboratorios secretos estadounidenses. Pútin quiere liberar a los ucranianos de esos laboratorios y es por eso que es el enemigo número 1 de los rothschild. El banco Central de Ucrania es de los rothschild https://t.co/dTjhXWmoCa,Fri Feb 25 23:41:34 +0000 2022,47,29,es,1436291479836708877,Divergente,Divergente_4528,https://twitter.com/Divergente_4528,,0.6,18/12/2022,458,214,466,3,549,🇦🇷 🇮🇹 Sos el dios que quieren destruir todo lo que te rodea fue creado para que no lo sepas y no desarrolles tus habilidades.,Ciudad Autónoma de Buenos Aire,2021-09-10 11:33:06+00:00,False,False,,2022-02-24 00:00:00+00:00,166,misinfo
1502030843174428680,https://twitter.com/digitaljonah/status/1502030843174428680,deleted post,"""This is my fuck you to the @israel_mid_ru and @RussianEmbassyC lies suggesting this was the maternity hospital in the photo they posted.  I located the building 10.34km away  47° 6'3.93""""N  37°40'17.54""""E.  Fuck your lies and get out of Ukraine!  #SlavaUkraini https://t.co/aLJGyWlU0C""",Thu Mar 10 21:17:14 +0000 2022,1166,316,en,213482579,Justin H,digitaljonah,https://twitter.com/digitaljonah,Doesn't exist,,,206,162,3400,6,1271,he/him,Canada,2010-11-09 01:20:10+00:00,False,False,,2022-02-24 00:00:00+00:00,4124,misinfo
1496695431673397251,https://twitter.com/seanisinnocent/status/1496695431673397251,,"Live from Kyiv, Ukraine right now, from the instagram of a girl I follow. Her username has been cropped out for her own safety. #StandWithUkraine https://t.co/frHal49wm2",Thu Feb 24 03:56:12 +0000 2022,5277,2168,en,247536206,ШУРА,seanisinnocent,https://twitter.com/seanisinnocent,,0.3,,643,152,1590,9,11288,🇺🇦,"Kyiv, Ukraine",2011-02-05 00:45:10+00:00,False,False,,2022-02-24 00:00:00+00:00,4036,misinfo
1578494122389741568,https://twitter.com/TaranQ/status/1578494122389741568,,"""🇺🇦 This is creepy ....  Take Google translate and enter Zelensky but add a space before the """"n"""". Zelen sky Result : EVIL https://t.co/W1A2ok0P32 If you add Volodomyr with a space before the """"m"""". Zelen sky Volodo myr Result : EVIL RULE THE WORLD https://t.co/vQ4FQXury5 https://t.co/EtSH4zqi1p""",Fri Oct 07 21:15:00 +0000 2022,202,121,en,41002642,Jos Quinten,TaranQ,https://twitter.com/TaranQ,,0.1,,4900,1824,10154,52,21485,"No jab! Red pill, Not left, not Right, just human. The other side of the story. Piece and Freedom. Unwoke. NoFlag.",,2009-05-18 23:46:23+00:00,False,False,,2022-02-24 00:00:00+00:00,4664,misinfo
1624589407973158913,https://twitter.com/amarprasadreddy/status/1624589407973158913,,"""""""PM Modi can convince President Putin"""" - USA   New India is the Global Leader.""",Sun Feb 12 02:01:12 +0000 2023,1802,215,en,2167816332,Amar Prasad Reddy,amarprasadreddy,https://twitter.com/amarprasadreddy,,0.1,,103303,1737,44799,83,46673,"Professor and BJP Karyakartha | Former Advisor to Union Minister of State for Health and Family Welfare, Govt of India",India,2013-11-01 05:29:38+00:00,True,False,,2022-02-24 00:00:00+00:00,3036,misinfo
1582423768768475136,https://twitter.com/clarissaward/status/1582423768768475136,,"""We were given exclusive access to an Iranian-made Mohajer-6 drone, shot down a few weeks ago by Ukrainian forces in Southern Ukraine. This as the Kremlin today claimed Russia is only using """"Russian weapons with Russian numbers"""" in its """"special operation."""" More tonight on CNN. https://t.co/FNM97EaHtk""",Tue Oct 18 17:30:01 +0000 2022,14984,3840,en,22760252,Clarissa Ward,clarissaward,https://twitter.com/clarissaward,,0.1,,527371,1583,12750,3735,11392,CNN Chief International Correspondent- all views are my own.,"here, there and everywhere",2009-03-04 11:52:09+00:00,True,False,,2022-02-24 00:00:00+00:00,4739,misinfo
1515376250600181773,https://twitter.com/brechtcastel/status/1515376250600181773,,"""@washingtonpost We contacted the International Committee of the Red Cross in Ukraine:   """"The van from which the soldiers come is not an ICRC-van. The ICRC was not involved in the evacuation from Irpin either. This vehicle may belong to the Ukrainian Red Cross or to volunteers."""" 28/...""",Sat Apr 16 17:07:07 +0000 2022,433,21,en,931972285149405186,Brecht Castel,brechtcastel,https://twitter.com/brechtcastel,,0.3,,13388,4130,7372,232,7367,📰 Journalist/factchecker @Knack 😍 #OSINT | 🎥 #HowToOSINT🧐 on YouTube: http://tinyurl.com/brechtcastel | 🎙️ Kerekewere   Tips? ➡️  DM,"Brussels, Belgium",2017-11-18 19:48:02+00:00,False,False,,2022-02-24 00:00:00+00:00,1558,misinfo
1581906078924562432,https://twitter.com/saintjavelin/status/1581906078924562432,,"Casual morning in Kyiv:  Coffee, cigarette, balcony, gun, trying to shoot down Iranian drones https://t.co/MfJrWd9154",Mon Oct 17 07:12:54 +0000 2022,23358,2744,en,1497013790755467268,Saint Javelin,saintjavelin,https://twitter.com/saintjavelin,,0.1,,78812,315,3653,824,2588,The Official Saint Javelin account. We sell things so we can help Ukraine. Shop on our website to support the effort!,"Worldwide, like Pitbull",2022-02-25 01:03:42+00:00,True,False,,2022-02-24 00:00:00+00:00,-2,misinfo
1521844279399825409,https://twitter.com/SwedishPM/status/1521844279399825409,deleted post,"Successful India-Nordic summit with 🇮🇳 PM Modi in Copenhagen today. Productive talks on our strong partnership, multilateral cooperation, climate, green transition &amp; Russia’s aggression against Ukraine. I stressed key role of innovation &amp; digitalization in our cooperation.",Wed May 04 13:28:45 +0000 2022,729,99,en,747426555417198592,SwedishPM,SwedishPM,https://twitter.com/SwedishPM,,0.3,,160296,0,135,1000,658,"News and speeches from Prime Minister Magdalena Andersson. For questions and netiquette, see http://government.se.",,2016-06-27 13:49:12+00:00,True,False,,2022-02-24 00:00:00+00:00,2067,misinfo
1584770860652457984,https://twitter.com/Cyberspec1/status/1584770860652457984,,"""""""Unquenchable Appetite"""" 😎  Zelensky on the cover page of a German magazine https://t.co/mDiXoX7xKD""",Tue Oct 25 04:56:31 +0000 2022,32,11,en,505196984,Tony,Cyberspec1,https://twitter.com/Cyberspec1,,0.6,,16108,140,6018,332,19339,"Mainly military related developments, focused on the Russian Army and everything else interesting  Currently focused on World War Z   Russophile Account",Space Forces HQ,2012-02-27 00:40:34+00:00,False,False,,2022-02-24 00:00:00+00:00,3649,misinfo
1601986050062274561,https://twitter.com/TrackANaziMerc/status/1601986050062274561,deleted post,"Rebekah Maciorowski born, 26 January 1994.  From Knoxville, Tennessee, USA. Died 11/12/22.  She arrived in Ukraine to provide aid, seems she ventured too close to the front and has received the end of the sunflower generator, the TOS-1.  Leon will be crying. https://t.co/r1cu379Pcg",Sun Dec 11 17:03:32 +0000 2022,227,39,en,1573781159435272194,Nazi Merc Tracker,TrackANaziMerc,https://twitter.com/TrackANaziMerc,doesn't exist,2.2,,4168,422,627,35,957,Tracking Ukraine Nazis and mercenaries using free public data.,FOLLOW TG,2022-09-24 21:07:33+00:00,False,False,bot,2022-02-24 00:00:00+00:00,-213,misinfo
1566274858861879296,https://twitter.com/nexta_tv/status/1566274858861879296,,"A train with fuel derailed in #Yakutia, #Russia. https://t.co/a36V1P5B8W",Sun Sep 04 04:00:00 +0000 2022,4256,471,en,1891490382,NEXTA,nexta_tv,https://twitter.com/nexta_tv,,0.0,,991247,92,1654,8476,14562,The largest Eastern European media. To let the world know.  Become our patron: http://patreon.com/nexta_tv,,2013-09-21 21:24:04+00:00,True,False,,2022-02-24 00:00:00+00:00,3077,misinfo
1518351056987697157,https://twitter.com/jcokechukwu/status/1518351056987697157,,BREAKING: Finnish Parliament has voted to join NATO against Russia’s strongest warnings! 112 of 200 MPs voted in favor. Russia: “We have issued our warnings publicly &amp; bilaterally. Both Sweden &amp; Finland know this &amp; will not be surprised about where their decision will lead.” https://t.co/KgudWVweqy,Sun Apr 24 22:07:56 +0000 2022,339,215,en,3861307043,Joseph C. Okechukwu,jcokechukwu,https://twitter.com/jcokechukwu,,0.1,,16630,508,9837,22,10183,"Film Actor, Song Writer, Producer, Director, Author, Media Consultant. #Trumpocrat #Entertainment #Filmmakers #Hollywood #Movies",,2015-10-04 11:35:34+00:00,False,False,,2022-02-24 00:00:00+00:00,2334,misinfo
1512370951933026308,https://twitter.com/JulianRoepcke/status/1512370951933026308,,"Last but not least: Reading people interpret «за детей» as if the attackers wanted to revenge children, “killed by Ukraine”. The reality is much worse. Russian nazi-like propaganda portrays the war in general as “for the children” as if 🇺🇦 must die, so Russian children can live. https://t.co/5ost9tHkpB",Fri Apr 08 10:05:08 +0000 2022,1614,545,en,428140124,Julian Röpcke🇺🇦,JulianRoepcke,https://twitter.com/JulianRoepcke,,0.1,,130575,815,12237,2972,114179,Journalist. SCHLAUBERGER. Verantwortlicher Redakteur im Ressort Politik @BILD. Nur meine Meinung! „Twitter-Feldherr des Tages“. #RTisnojournalism #hahohe,Deutschland,2011-12-04 11:42:45+00:00,True,False,,2022-02-24 00:00:00+00:00,3734,misinfo
1501273354862477318,https://twitter.com/lesiavasylenko/status/1501273354862477318,,#Sumy people finally leave their besieged city. 20 buses safely deliver hundreds of people to safety. First humanitarian corridor where #Russia didn’t break the ceasefire. 🙏💛💙,Tue Mar 08 19:07:14 +0000 2022,1767,349,en,1219232377605644289,Lesia Vasylenko,lesiavasylenko,https://twitter.com/lesiavasylenko,,0.0,,263757,264,556,2311,1333,"Ukrainian MP, @goloszmin, working mom of 3 lovely humans, lover of freedom, travel and all things green #Ukraine #geopolitics",Kyiv,2020-01-20 12:17:30+00:00,True,False,,2022-02-24 00:00:00+00:00,765,misinfo
1525087515211857920,https://twitter.com/PunchMzee/status/1525087515211857920,,"Alexandra Zelenskaya, Zelensky's daughter, hates her father, calls him a Nazi and a murderer of the Ukrainian people. She herself fled to Poland and revealed the secret video (the whole truth about her father), the video can be viewed at the link 👉 https://t.co/9jpxpa9ff6   https://t.co/kswD3AbtPd",Fri May 13 12:16:13 +0000 2022,0,1,en,1193597112421933058,Yehudaיהוה,PunchMzee,https://twitter.com/PunchMzee,,1.8,,1618,1537,3132,2,42407,Exodus 13:21-22 By day the Lord went ahead of Cherubim in a pillar of cloud to guide Cherubim on Fire and by night in a pillar of fire to give Cherubim light.,Z&OKA-Mariupol,2019-11-10 18:32:36+00:00,False,False,,2022-02-24 00:00:00+00:00,836,misinfo
1624262424244416514,https://twitter.com/sunnewstamil/status/1624262424244416514,deleted post,#சர்வதேசசெய்திகள் | மோடி நினைத்தால் உக்ரைன் - ரஷ்யா போர் முடிவுக்கு வரும் - அமெரிக்கா  #SunNews | #UkraineRussianWar | #NarendraModi | #America https://t.co/fhMERb4Lan,Sat Feb 11 04:21:53 +0000 2023,301,42,ta,1079310252,Sun News,sunnewstamil,https://twitter.com/sunnewstamil,,0.1,,1918433,27,422,741,232604,"Welcome to Sun News, The Tamil News Channel from Sun TV Network.","Chennai, India",2013-01-11 11:15:06+00:00,True,False,,2022-02-24 00:00:00+00:00,3330,misinfo
1518861895129780224,https://twitter.com/Salim_JR7271/status/1518861895129780224,deleted post,"This is the moon at the border of Russia &amp; Canada at the North Pole. It takes about 30 seconds from rising to setting, then blocking the sun for 5 seconds, and then immediately setting..If there would be no Internet, maybe we would never see this natural wonder in our entire life https://t.co/mGNaxtFamh",Tue Apr 26 07:57:49 +0000 2022,2095,632,en,1341514736794562561,Salim,Salim_JR7271,https://twitter.com/Salim_JR7271,Doesn't exist,,,681,1743,4006,1,933,Young business tycoon,"Blantyre, NC",2020-12-22 22:43:54+00:00,False,False,,2022-02-24 00:00:00+00:00,428,misinfo
1630667487250358278,https://twitter.com/puritan_777/status/1630667487250358278,,"💢👇 Unbelievable footage 👇 ⚡️ #NATO sent their jet fighters &amp; Helicopters to help #Ukraine️. As soon as they entered the border, they were attacked by #Russian missiles, and not a single one  escaped. Only the #Chinese media reported that news, none in the West did. 👇👀 https://t.co/TWrCrCLaEd",Tue Feb 28 20:33:19 +0000 2023,91,49,en,1432250949607829504,puritan,puritan_777,https://twitter.com/puritan_777,,0.9,,2244,1885,32611,3,10726,"“The truth is like a lion. You don’t have to defend it. Let it loose, it will defend itself.”  ~ Saint Augustine",🇺🇲 • 🇪🇺,2021-08-30 07:57:07+00:00,False,False,,2022-02-24 00:00:00+00:00,177,misinfo
1623459978873798657,https://twitter.com/ArthurM40330824/status/1623459978873798657,,"#Crows in mass seen in #Japan as well Previously these behavior was sent in #Ukraine, #US and #Turkey https://t.co/7vhqK2w0k6",Wed Feb 08 23:13:16 +0000 2023,358,149,en,1310028784284979200,Arthur Morgan,ArthurM40330824,https://twitter.com/ArthurM40330824,,1.0,,9217,851,8366,151,13242,"looking for a bit of sanity in this crazy world, more likely to lose my own mind. but that will make me only a man of my time.",,2020-09-27 01:29:57+00:00,False,False,,2022-02-24 00:00:00+00:00,514,misinfo
1542928738748452864,https://twitter.com/Yoda15271485/status/1542928738748452864,,#coscrizione per le donne in #Ucraina  @ethrusco @fashionart19 @TatiUdaci,Fri Jul 01 17:50:52 +0000 2022,1,1,fr,962742501344980998,Yoda. 🇮🇹 🇷🇺,Yoda15271485,https://twitter.com/Yoda15271485,,0.6,,2082,2630,43718,8,107191,"Mi sto spostando sempre più a sinistra, perché in un tempo remoto mi ero seduta dalla parte sbagliata della Storia. Rtw/Like not endorsement.","Cañada de Gomez, Argentina",2018-02-11 17:37:54+00:00,False,False,,2022-02-24 00:00:00+00:00,1473,misinfo
1572191600859561984,https://twitter.com/liliaragnar/status/1572191600859561984,,"""La #NATO ha ammesso ufficialmente di aver pianificato di espandere la propria presenza vicino ai confini della Russia """"diversi anni fa""""  L'annuncio il 17/9 è stato fatto dall'Ammiraglio olandese Bauer in diretta conferenza stampa del """"NATO Military Committee Conference 2022""""👇""",Tue Sep 20 11:51:02 +0000 2022,15,6,it,1343955493212065794,Adry.W.2 Россия-Твиттер,liliaragnar,https://twitter.com/liliaragnar,,1.8,,9387,4694,269476,45,143289,,,2020-12-29 16:22:32+00:00,False,False,,2022-02-24 00:00:00+00:00,421,misinfo
1526863116516081665,https://twitter.com/TehranTimes79/status/1526863116516081665,,"Foreign Intelligence Service of Russian Federation says U.S. occupation forces deployed in Syria’s strategic al-Tanf region, near borders with Iraq and Jordan, are reportedly providing military support to Takfiri Daesh terrorists and training them for field operations in Ukraine. https://t.co/pMhTzIPIh1",Wed May 18 09:51:49 +0000 2022,16,10,en,779657810405654528,Tehran Times,TehranTimes79,https://twitter.com/TehranTimes79,,0.9,,31580,8,42,261,41130,Iran's Leading International Daily Newspaper. Telegram channel: http://t.me/tehrantimesplus,Islamic Republic of Iran,2016-09-24 12:24:42+00:00,True,False,,2022-02-24 00:00:00+00:00,1978,misinfo
1085932928083865600,https://twitter.com/JuliaDavisNews/status/1085932928083865600,,"#Russia's state TV reports that for the first time since 2014, the US is lifting sanctions from Russian companies [#Deripaska's Rusal et al.] The host laughs out loud about the Democrats not getting enough votes to block the effort, expresses hope that this is just the beginning. https://t.co/bAQJMazcyV",Thu Jan 17 16:12:40 +0000 2019,5064,6098,en,105327432,Julia Davis,JuliaDavisNews,https://twitter.com/JuliaDavisNews,,0.0,,244212,1627,135726,3458,101077,"Columnist @TheDailyBeast, Russian Media Analyst, member @TheEmmys, @SAGAFTRA, @FLEOAORG, @WomenInFilm.  I watch Russian state TV, so you don't have to.",United States,2010-01-16 01:34:50+00:00,True,False,,2022-02-24 00:00:00+00:00,4421,misinfo
1498353033830445060,https://twitter.com/kinete21/status/1498353033830445060,,"Pongámosle cara a estos desalmados que han votado en contra del plan de ayuda financiera a Ucrania. Lo más granado de PODEMOS, PdCat y cómo no, BILDU. Acompañadme...",Mon Feb 28 17:42:55 +0000 2022,453,345,es,377933581,kinete21,kinete21,https://twitter.com/kinete21,,0.2,,1455,1063,23636,6,44483,Trabajador Social y Sociólogo. Ahora Técnico en Turismo Accesible.,"Sevilla, España",2011-09-22 11:02:56+00:00,False,False,,2022-02-24 00:00:00+00:00,3807,misinfo
1499376918591909895,https://twitter.com/markomihkelson/status/1499376918591909895,,The vessel was reportedly under the control of the Russian Navy on 02 March and being used as a human shield in preparation for the Russian amphibious force landing.,Thu Mar 03 13:31:29 +0000 2022,105,72,en,25386372,Marko Mihkelson,markomihkelson,https://twitter.com/markomihkelson,,0.3,,20165,1919,12437,312,26077,Chairman of Foreign Affairs Committee of Estonian Parliament. International relations. Global security. Russia. Baltic States. China. EU. NATO. @eestivalisnk,"Estonia, Tallinn",2009-03-19 21:13:41+00:00,False,False,,2022-02-24 00:00:00+00:00,4724,misinfo
1514766062771875851,https://twitter.com/JuliaDavisNews/status/1514766062771875851,,"Kyiv sank 'Moscow' and the Russians are furious. In response to the sinking of the warship 'Moskva,' state TV pundits and hosts propose bombing Kyiv, destroying Ukraine's railways and making it impossible for any world leaders to visit in the future. https://t.co/OekII2fbPe",Fri Apr 15 00:42:27 +0000 2022,21850,8567,en,105327432,Julia Davis,JuliaDavisNews,https://twitter.com/JuliaDavisNews,,0.0,,257117,1628,136819,3670,101480,"Columnist @TheDailyBeast, creator of the Russian Media Monitor, member @TheEmmys, @SAGAFTRA, @FLEOAORG.  I watch Russian state TV, so you don't have to.",United States,2010-01-16 01:34:50+00:00,True,False,,2022-02-24 00:00:00+00:00,4421,misinfo
1580173440015007746,https://twitter.com/DagnyTaggart963/status/1580173440015007746,,"""And so it was clear that Zelensky's """"bold"""" speeches on the street, during the shelling of Kiev, were staged, now it is clear how this is done. https://t.co/qsg3zSmmDk""",Wed Oct 12 12:28:00 +0000 2022,5893,2944,en,1569701325805600769,Dagny Taggart,DagnyTaggart963,https://twitter.com/DagnyTaggart963,,2.3,,7124,134,6562,57,5029,"""“We are fast approaching the stage…where the government is free to do anything it pleases, while the citizens may act only by permission."""".""",,2022-09-13 14:55:45+00:00,False,False,bot,2022-02-24 00:00:00+00:00,-202,misinfo
1508840458239320069,https://twitter.com/NikkiFried/status/1508840458239320069,,"Just left a Florida Cabinet meeting where, once again, Ron DeSantis was soft on Russia. Indefensible. https://t.co/FL3KZo8LDn",Tue Mar 29 16:16:12 +0000 2022,2815,755,en,37190669,Nikki Fried,NikkiFried,https://twitter.com/NikkiFried,,0.1,,279019,2033,9511,920,8149,Florida Agriculture Commissioner. Only statewide elected Democrat since 2012. Running for governor to bring #SomethingNew to Florida.,Donate 👉,2009-05-02 12:52:12+00:00,True,False,,2022-02-24 00:00:00+00:00,4680,misinfo
1547256205051297793,https://twitter.com/Valeh_rie/status/1547256205051297793,suspended account,"🇷🇺#Putin: I will make public the depopulation plan that the #UnitedStates and #Europe have prepared. It will be the scientists hidden in bio-weapons labs that have been found Who will uncover everything, they are right now in #Moscow.  @jaccocharite @ArdinalRais @ChinaInfo777 https://t.co/0K16BZcu7w",Wed Jul 13 16:26:40 +0000 2022,619,301,en,1534242917526966273,Valeria,Valeh_rie,https://twitter.com/Valeh_rie,account suspended,,,2531,3358,657,16,1325,"Επίκαιρα Υποθέσεις Ειδήσεις  🌐  Μόδα,  Τρόποι Ζωής, Τέχνες   🎃        🇬🇷🇬🇷🇬🇷🇬🇷🇬🇷🇬🇷🇦🇺🇦🇺🇦🇺🇦🇺🇦🇺🇦🇺       👉Τα retweets δεν είναι έγκριση👈",Ελλάς,2022-06-07 18:37:04+00:00,False,False,,2022-02-24 00:00:00+00:00,-104,misinfo
1522006409264746496,https://twitter.com/55Bellechasse/status/1522006409264746496,,"A méditer … l’idée polonaise (?) de venir à l’aide de l’Ukraine pour en défendre la moitié nord ouest, avec son armée d’active sans étiquette Otan, Mais avec soutien des USA  Évidement les ukrainiens ne doivent pas imaginer leur démembrement à venir et la convoitise des polonais https://t.co/RtJCrhYZXf",Thu May 05 00:13:00 +0000 2022,211,118,fr,1246701840,Bertrand SCHOLLER,55Bellechasse,https://twitter.com/55Bellechasse,,1.1,,11186,4927,43263,48,20916,je suis ici (et ailleurs) pour éviter que le temps qui passe et ceux qui tirent les ficelles de l’horloge ne nous transforment trop - restons HUMAINS & LIBRES,,2013-03-06 18:30:25+00:00,False,False,,2022-02-24 00:00:00+00:00,3276,misinfo
1500670329919782921,https://twitter.com/DanPriceSeattle/status/1500670329919782921,,Sources Gas prices rising at fastest rate ever https://t.co/2YGRbRWpob National average tops $4 for first time since 2008 https://t.co/PyKfOUhZFl Oil company profits https://t.co/r2DolbZdde 1% of total crude oil processed by US refineries comes from Russia https://t.co/USGoJoVt9u,Mon Mar 07 03:11:02 +0000 2022,3081,850,en,2172596028,Dan Price,DanPriceSeattle,https://twitter.com/DanPriceSeattle,,0.0,,713713,862,76506,2212,16932,CEO just trying to stand up for the underdog,"Seattle, WA",2013-11-03 18:27:37+00:00,True,False,,2022-02-24 00:00:00+00:00,3034,misinfo
1494789108874551299,https://twitter.com/gkates/status/1494789108874551299,,Small update: Yuriy Butusov punched out Nestor Shufrych and got him in a headlock for a minute. https://t.co/hZbkkuElb4,Fri Feb 18 21:41:10 +0000 2022,1317,541,en,20098340,Glenn Kates,gkates,https://twitter.com/gkates,,0.6,,7859,1668,14388,589,7164,Journalist and journalism-related things in Kyiv. Previously  @currenttimetv @RFERL @nytimes. Audio/video documentary in English and Russian for @codastory.,Kyiv,2009-02-04 21:50:27+00:00,True,False,,2022-02-24 00:00:00+00:00,4767,misinfo
1579448530833666051,https://twitter.com/GigiaSky/status/1579448530833666051,,Questo è l'orfanotrofio di Kiev colpito in pieno da un drone russo stamattina. Il numero delle vittime è ancora sconosciuto. Questo è ciò che sta accadendo in Ucraina. Questa è l'idea di pace di #PutinWarCriminal https://t.co/RwsTEbloME,Mon Oct 10 12:27:29 +0000 2022,318,86,it,1543621925657890818,Eugenia 🇺🇦🏳️‍⚧️ #ResistenzaSempre,GigiaSky,https://twitter.com/GigiaSky,,2.8,,160,84,268,5,437,Antifascista e Otaku. Studente di Filosofia e Storia della Scienza all'Università di Bologna. Asessuale ma Poliamorosa. She/Her. Fangirl di Mario Draghi.,"Bologna, Emilia Romagna",2022-07-03 15:45:39+00:00,False,False,,2022-02-24 00:00:00+00:00,-130,misinfo
1497502851433701381,https://twitter.com/socialtriger/status/1497502851433701381,suspended account,This is the First Lady of #Ukraine. https://t.co/GwE0sd6nM0,Sat Feb 26 09:24:36 +0000 2022,1247,129,en,1441472255939260416,Social Triger,socialtriger,https://twitter.com/socialtriger,Doesn't exist,,,111,318,102,0,61,This is a place where we discuss and exchange information on lifestyle and better ideas in order to improve society as a whole.,,2021-09-24 18:40:21+00:00,False,False,,2022-02-24 00:00:00+00:00,152,misinfo
1604335572075843585,https://twitter.com/Saphira_van/status/1604335572075843585,,"Most people are slaves and don’t see the hypocrisy of @olena_zelenska   Zelenska,wife of Ukrainian Zelensky, reportedly spent €40000 on a shopping trip in Paris while visiting the country to plead for more support for Ukraine,store employees have claimed online #Ukraine https://t.co/Dnhm35fQoI",Sun Dec 18 04:39:42 +0000 2022,28,5,en,1518728451632422918,Saphira,Saphira_van,https://twitter.com/Saphira_van,,1.1,,39,58,772,2,801,"Wife, mother, positive energy, workaholic and enjoy life 💕",,2022-04-25 23:09:17+00:00,False,False,,2022-02-24 00:00:00+00:00,-61,misinfo
1629495776928841728,https://twitter.com/ArthurM40330824/status/1629495776928841728,,Polish media accidently recorded #Zelensky's double when they covered #Biden's visit to #Kyiv #Awkward https://t.co/F2ufQk76z0,Sat Feb 25 14:57:22 +0000 2023,22066,8353,en,1310028784284979200,Arthur Morgan,ArthurM40330824,https://twitter.com/ArthurM40330824,,1.0,,12074,879,9328,198,14665,"looking for a bit of sanity in this crazy world, more likely to lose my own mind. but that will make me only a man of my time.",,2020-09-27 01:29:57+00:00,False,False,,2022-02-24 00:00:00+00:00,514,misinfo
1497603013799784449,https://twitter.com/stephhegarty/status/1497603013799784449,,"A Nigerian medical student at Poland/Ukraine border (Medyka-Shehyni) told me she has been waiting 7hrs to cross, she says border guards are stopping black people and sending them to the back of the queue, saying they have to let 'Ukrainians' through first.",Sat Feb 26 16:02:37 +0000 2022,73328,31162,en,29975469,Stephanie Hegarty,stephhegarty,https://twitter.com/stephhegarty,,0.7,,30649,1597,11306,268,9295,Population correspondent @BBCNews. Looking at demographic shifts & how they change the way we live. Previously in Nigeria for the BBC. Economic migrant/oyinbo.,LDN via Lagos via Dublin 🇮🇪,2009-04-09 12:42:52+00:00,True,False,,2022-02-24 00:00:00+00:00,4703,misinfo
1584939795335106560,https://twitter.com/mfa_russia/status/1584939795335106560,,"#DebunkingFakes  ⚠️ Facts only, nothing more. We share what the Western mainstream media will never dare voice or show regarding the numerous hoaxes and provocations in Ukraine.  #Think4Yourself https://t.co/pPvNMRI0UX",Tue Oct 25 16:07:48 +0000 2022,1510,734,en,255471924,MFA Russia 🇷🇺,mfa_russia,https://twitter.com/mfa_russia,,0.0,,567583,1444,22694,5380,69706,Ministry of Foreign Affairs of Russia 🇷🇺 (Official account) | Country's account @Russia | По-русски @MID_RF | Español @MAE_Rusia | Arabic - @russia_ar,Russia,2011-02-21 12:45:22+00:00,True,False,,2022-02-24 00:00:00+00:00,4020,misinfo
1500395166624010249,https://twitter.com/FilippoGrandi/status/1500395166624010249,,More than 1.5 million refugees from Ukraine have crossed into neighbouring countries in 10 days — the fastest growing refugee crisis in Europe since World War II.,Sun Mar 06 08:57:38 +0000 2022,3742,1938,en,4353234441,Filippo Grandi,FilippoGrandi,https://twitter.com/FilippoGrandi,,0.0,,144828,506,2958,1084,2562,"The official Twitter account of 🇺🇳 UN High Commissioner for @Refugees, Filippo Grandi.","Geneva, Switzerland",2015-12-02 18:43:57+00:00,True,False,,2022-02-24 00:00:00+00:00,2275,misinfo
1512365048018132997,https://twitter.com/JulianRoepcke/status/1512365048018132997,,"Kremlin affiliated media first proudly reported the #Kramatorsk massacre, claiming their missile hit an ammunition train that arrived yesterday evening. After the appearance of civilian casualties, they started blaming Ukraine. Same story as with #MH17 in 2014. #PutinAtWar https://t.co/D3yMZSshbJ",Fri Apr 08 09:41:40 +0000 2022,10424,5664,en,428140124,Julian Röpcke🇺🇦,JulianRoepcke,https://twitter.com/JulianRoepcke,,0.1,,130759,815,12238,2971,114186,Journalist. SCHLAUBERGER. Verantwortlicher Redakteur im Ressort Politik @BILD. Nur meine Meinung! „Twitter-Feldherr des Tages“. #RTisnojournalism #hahohe,Deutschland,2011-12-04 11:42:45+00:00,True,False,,2022-02-24 00:00:00+00:00,3734,misinfo
1498359734784638979,https://twitter.com/nexta_tv/status/1498359734784638979,,⚡️The legendary Ghost of #Kyiv has already shot down 14 occupier planes. https://t.co/vwfYwJUthB,Mon Feb 28 18:09:33 +0000 2022,35839,4151,en,1891490382,NEXTA,nexta_tv,https://twitter.com/nexta_tv,,0.0,,756993,135,1240,5237,4177,The largest Eastern European media. To let the world know.,,2013-09-21 21:24:04+00:00,True,False,,2022-02-24 00:00:00+00:00,3077,misinfo
1591336410598051840,https://twitter.com/EUFreeCitizen/status/1591336410598051840,,#UkraineRussiaWar #Ukraine #Russia #UkraineWar 🚨 RV journalists confirmed the blowing up of the bridge across the #Kakhovskaya hydroelectric power station. This is first photo of the bridge this morning. The 3 bridge crossing the #Dnieper have now been destroyed by the russians https://t.co/DE6m3wT8yr,Sat Nov 12 07:45:40 +0000 2022,3,2,en,961431948978683904,🛰️ War in Ukraine 🍉,EUFreeCitizen,https://twitter.com/EUFreeCitizen,,1.2,,496,854,848,14,6704,"🇪🇺 For peace, freedom and democracy we stand with 🇺🇦",50° 52' 20.48N  4° 25' 11.54E,2018-02-08 02:50:13+00:00,False,False,,2022-02-24 00:00:00+00:00,1476,misinfo
1525472071567806468,https://twitter.com/MurzM/status/1525472071567806468,,Дочь Владимира Зеленского-Александра НЕНАВИДИТ СВОЕГО ОТЦА И НАЗЫВАЕТ ЕГО УБИЙЦЕЙ УКРАИНСКОГО НАРОДА!...,Sat May 14 13:44:18 +0000 2022,2,2,ru,1250167934820982791,Murz Murlokotamov,MurzM,https://twitter.com/MurzM,,1.4,,1744,1716,28108,14,29010,"Прекрасный Человек! Люблю Жизнь Во Всех её проявлениях! В Людях ценю: Ум, Доброту, Честность, Щедрость, Чувство Юмора,Тактичность,Жизнерадостность...","Москва, Россия",2020-04-14 21:04:28+00:00,False,False,,2022-02-24 00:00:00+00:00,680,misinfo
1584930049480085505,https://twitter.com/JuliaDavisNews/status/1584930049480085505,,"""Meanwhile in Russia: since Putin's phony """"denazification"""" never made any sense, now Russia's Security Council is absurdly calling for the """"desatanization"""" of Ukraine. How embarrassing. https://t.co/hxlLCAEBdD""",Tue Oct 25 15:29:05 +0000 2022,12399,3953,en,105327432,Julia Davis,JuliaDavisNews,https://twitter.com/JuliaDavisNews,,0.0,,403298,1654,150634,5775,106393,"Columnist @TheDailyBeast, creator of the Russian Media Monitor, sanctioned by Russia, member of @TheEmmys.  I watch Russian state TV, so you don't have to.",United States,2010-01-16 01:34:50+00:00,True,False,,2022-02-24 00:00:00+00:00,4421,misinfo
1629849774491852801,https://twitter.com/realstewpeters/status/1629849774491852801,,So - here’s the video.   Zelensky with Biden and…Zelensky?  Seems there is a glitch in the Matrix https://t.co/fEOBBIeQ6F,Sun Feb 26 14:24:02 +0000 2023,17429,5476,en,1288319695658135552,Stew Peters,realstewpeters,https://twitter.com/realstewpeters,,0.0,,239461,106,1248,971,10300,"The People’s Bullhorn - The Stew Peters Show ✝️🇺🇸 Executive Producer of #WatchTheWater, #TheseLittleOnes and #DiedSuddenly","Minneapolis, MN",2020-07-29 03:45:36+00:00,False,False,,2022-02-24 00:00:00+00:00,574,misinfo
1573173442072936448,https://twitter.com/Dayrabekov/status/1573173442072936448,,New ru conscripts 🤣🤣🤣 These idiots want to occupy Ukraine? https://t.co/omkpo6TFiu,Fri Sep 23 04:52:31 +0000 2022,69,26,en,81100819,🇺🇦Alex Dayrabekov,Dayrabekov,https://twitter.com/Dayrabekov,,1.4,,2296,56,3709,29,890,"Ukrainian citizen, husband, father of 3 sons. We escaped from Bucha/Irpin, otherwise could have been dead by now. We will stay in Ukraine whatever happens","Kiev, Ukraine",2009-10-09 12:50:23+00:00,False,False,,2022-02-24 00:00:00+00:00,4520,misinfo
1502145524501155841,https://twitter.com/HSarrafpour/status/1502145524501155841,,شرم آور است تبلیغات #کلاه_سفیدها را فراموش کنیم و دوباره در بازی جدید فاشیستهای #اوکراین بیفتیم. همه اینها یک زن است در نمایش های متفاوت! استاد دانشگاه اگر اهل تحقیق نباشد فاجعه است. چه ارزشی باشد چه بی ارزشی و غربگدا! انسان نباید مدام در یک چاه سقوط کند. #روسیه #پوتین #اصلاحات https://t.co/E3oacUn1aM,Fri Mar 11 04:52:56 +0000 2022,383,92,fa,1285004136371625984,Hamed Sarrafpour,HSarrafpour,https://twitter.com/HSarrafpour,,1.6,,9119,2287,50667,24,22485,حامی سیاست خارجی و منتقد برخی سیاستهای داخلی! فراجناحی! حامی ایدئولوژی خدا-انسان محور، و ضد سودمحور! ضد نولیبرالیسم! عدالتجو! نویسنده آزاد!,,2020-07-20 00:12:02+00:00,False,False,,2022-02-24 00:00:00+00:00,583,misinfo
1567615057785126919,https://twitter.com/brandsatz23/status/1567615057785126919,,Der Polizei-Chef von Kiew ein interessanter Artikel: https://t.co/EuEiipcl7j hatte wohl Putin gar nicht so Unrecht mit Nazis? https://t.co/S9FfGHKGR2,Wed Sep 07 20:45:29 +0000 2022,165,65,de,1426847845265596416,ʙʀᴀɴᴅsᴀᴛᴢ,brandsatz23,https://twitter.com/brandsatz23,,1.3,,11550,11565,16937,43,4145,2x Corona überlebt - Gastarbeiterkind - Agnostiker und liebt Deutschland und steht nicht auf der rechten Seite. Vergeben.,,2021-08-15 10:07:05+00:00,False,False,,2022-02-24 00:00:00+00:00,192,misinfo
1630725514691313666,https://twitter.com/WithyGrove/status/1630725514691313666,,"VIDEO: After receiving at least $113 billion in US financial aid in 2022 alone, #Zelensky now demands the blood sacrifice of US youth in his futile war in the Russian-speaking #Donbass region.  https://t.co/5QRGBahOQe #Ukraine #Russia #Bakhmut #Artyomovsk #Biden #Sunak #Germany",Wed Mar 01 00:23:54 +0000 2023,229,128,en,978365475032793088,Manchester Chronicle 🐝,WithyGrove,https://twitter.com/WithyGrove,,0.7,,3971,3714,7679,37,11190,"The alternative news outlet: business, politics and football ⚽️","Manchester, England.",2018-03-26 20:18:01+00:00,False,False,,2022-02-24 00:00:00+00:00,1430,misinfo
1498978308306124800,https://twitter.com/ians_india/status/1498978308306124800,,"Amid #RussiaUkraineCrisis, Civil Aviation Minister #JyotiradityaScindia (@JM_Scindia) on Wednesday interacted with the Indian students awaiting their flights at #Bucharest airport and assured them of quick departure to the homeland.  #RussiaUkraineWar #RussiaUkraineConflict https://t.co/2cjILahGs2",Wed Mar 02 11:07:33 +0000 2022,419,64,en,141584822,IANS Tweets,ians_india,https://twitter.com/ians_india,,0.4,,73457,44,142,648,324586,India's largest independent News Agency,New Delhi,2010-05-08 13:21:45+00:00,True,False,,2022-02-24 00:00:00+00:00,4309,misinfo
1569785695387926531,https://twitter.com/asturestepa/status/1569785695387926531,,"EEUU, Boston, en el año 1999. Zelensky y sus esbirros.... https://t.co/qAMndOB3Yd",Tue Sep 13 20:30:49 +0000 2022,325,284,es,2173988810,Lyudmila Z,asturestepa,https://twitter.com/asturestepa,,0.1,,9875,777,2923,68,5506,Por la verdad! За победу!,,2013-11-04 13:09:03+00:00,False,False,,2022-02-24 00:00:00+00:00,3033,misinfo
1525770913677217794,https://twitter.com/elevisconti/status/1525770913677217794,,L’Ucraina ha annesso l’#Eurovision https://t.co/vOCRw2iBS6,Sun May 15 09:31:47 +0000 2022,1446,95,it,1240690942904066049,Elena Visconti,elevisconti,https://twitter.com/elevisconti,,0.8,,15580,684,36498,52,22087,"Mi disegno così ma ho imparato da poco. Dal vivo sono molto meglio, giuro.",,2020-03-19 17:25:54+00:00,False,False,,2022-02-24 00:00:00+00:00,706,misinfo
1517507265548500994,https://twitter.com/liliaragnar/status/1517507265548500994,,#chernobil  Uno dei mostri che i russi hanno trovato durante l'operazione militare in Ucraina e che continuino a dire che sono fake https://t.co/cDmpk7S9vh,Fri Apr 22 14:15:00 +0000 2022,175,84,it,1343955493212065794,Adry.W.2 Россия,liliaragnar,https://twitter.com/liliaragnar,,1.8,,8222,4101,218412,40,107692,,,2020-12-29 16:22:32+00:00,False,False,,2022-02-24 00:00:00+00:00,421,misinfo
1497188964377239581,https://twitter.com/RihoTerras/status/1497188964377239581,,A Russian tank in #Ukraine with a flag of the Soviet Union. Putin's ambitions could not be more transparent. #StandWithUkraine @EPPGroup @MFAestonia @estNATO @MoD_Estonia https://t.co/ZmFECw91WS,Fri Feb 25 12:37:20 +0000 2022,391,129,en,1260515654811242498,Riho Terras,RihoTerras,https://twitter.com/RihoTerras,,0.4,24/05/2023,31468,634,3929,516,424,"Member of European Parliament @EPPGroup 🇪🇪 @EP_Industry,  @EP_Agriculture. Deputy coordinator for @EP_ArtifIntel. Former Chief of Defence of Estonia.",Brussels,2020-05-13 10:22:44+00:00,True,False,,2022-02-24 00:00:00+00:00,651,misinfo
1518534232397787138,https://twitter.com/fvdemocratie/status/1518534232397787138,,Zelensky bezit een fortuin: verschillende schattingen komen uit rond de 850 miljoen. Het grootste deel hiervan kreeg hij pas na zijn aantreden als president. Waar komt dat geld dan vandaan? En belangrijker nog: waar gaat het heen? #FVD https://t.co/32MktnPsXJ,Mon Apr 25 10:15:48 +0000 2022,2896,1271,nl,2822530175,Forum voor Democratie,fvdemocratie,https://twitter.com/fvdemocratie,,0.0,,134489,869,1295,494,16290,Voor de toekomst van ons Nederland. Nu sterker dan ooit. Word lid via http://fvd.nl/wordlid! #FVD,🇳🇱,2014-10-11 11:34:11+00:00,True,False,,2022-02-24 00:00:00+00:00,2692,misinfo
1499346348809719808,https://twitter.com/RT_com/status/1499346348809719808,,"❗️RT gets ready to... Rumble: After a multitude of platforms have moved to knock out our broadcast and limit social media...  ... You can stay on top of our LIVE broadcast, any time, anywhere right here:  https://t.co/Yqv1a0cWu3 https://t.co/tuaUYab2Oj",Thu Mar 03 11:30:00 +0000 2022,1748,689,en,64643056,RT,RT_com,https://twitter.com/RT_com,,0.6,,3058889,689,2166,21517,416012,"Freedom over censorship, truth over narrative. On air in 100+ countries. 10+ bn video views in 2020. Don’t want your news filtered - find us at https://t.co/ucB15kSJBr",,2009-08-11 06:12:45+00:00,True,False,,2022-02-24 00:00:00+00:00,4579,misinfo
1579402237763547139,https://twitter.com/AnkaFeldhusen/status/1579402237763547139,,"Із сотнями киян в укритті.  Мене вражає спокій, який панує тут, поки Росія обстрілює дитячі майданчики в центрі Києва. #StandWithUkraine",Mon Oct 10 09:23:32 +0000 2022,2588,277,uk,1217390545091399683,Anka Feldhusen,AnkaFeldhusen,https://twitter.com/AnkaFeldhusen,,0.8,,2615,17,127,42,207,,,2020-01-15 10:18:36+00:00,False,False,,2022-02-24 00:00:00+00:00,770,misinfo
1525704460214878208,https://twitter.com/DefenceHQ/status/1525704460214878208,,Latest Defence Intelligence update on the situation in Ukraine - 15 May 2022   Find out more about the UK government's response: https://t.co/VBPIqyrgA5  🇺🇦 #StandWithUkraine 🇺🇦 https://t.co/n6dBVZHAos,Sun May 15 05:07:44 +0000 2022,2788,938,en,16133530,Ministry of Defence 🇬🇧,DefenceHQ,https://twitter.com/DefenceHQ,,0.0,,620685,632,552,7023,29083,DefenceHQ is the official corporate news channel of the UK Ministry of Defence.  Telegram - http://t.me/UKMinistryofDefence,London UK,2008-09-04 19:05:38+00:00,True,False,,2022-02-24 00:00:00+00:00,4920,misinfo
1493377406811643904,https://twitter.com/KorsunskySergiy/status/1493377406811643904,,We know what we are fighting for. How about Russia? 私たちは何のために戦っているのかを知っています。ロシアはどうですか？ https://t.co/8FEInU3bWn,Tue Feb 15 00:11:34 +0000 2022,12852,3258,ja,1316632272007651329,セルギー・コルスンスキー駐日ウクライナ特命全権大使,KorsunskySergiy,https://twitter.com/KorsunskySergiy,,0.5,,41449,219,12971,701,11375,,"Minato-ku, Tokyo",2020-10-15 06:49:36+00:00,False,False,,2022-02-24 00:00:00+00:00,496,misinfo
1563847346814914562,https://twitter.com/khalediskef/status/1563847346814914562,,"The murderer of #Daria_Dugina, #Natalia_Vovk, also known as #Natalia_Shaaban, was found dead in #Estonia, according to Russian sites. According to reports, the body was found with 17 stab wounds. #Russia #Ukraine #Russia_Ukraine https://t.co/BhaoaNEyUN",Sun Aug 28 11:13:57 +0000 2022,111,45,en,551195158,خالد اسكيف,khalediskef,https://twitter.com/khalediskef,,0.1,,110928,1534,5674,293,63188,"Independent Journalist ,Director of @sdocenter  |I tweet my personal views | Instagram:@khalediskef Youtube: http://shorturl.at",lebanon,2012-04-11 18:01:05+00:00,True,False,,2022-02-24 00:00:00+00:00,3605,misinfo
1626850471322189825,https://twitter.com/AlternatNews/status/1626850471322189825,,"Children are punished if they question Zelensky, or are of Russian descent, as millions are in Ukraine.  What is new in this photo, is that a soldier took part. It was not a mob action, but planned by Zelensky and his Western advisors.  Should we not be better than this? https://t.co/YvNegJGqrS",Sat Feb 18 07:45:52 +0000 2023,2783,1692,en,820723171112448001,Make Peace Now; alternative news,AlternatNews,https://twitter.com/AlternatNews,,0.7,,74964,75211,15335,152,25666,Free Thinker. Pro Peace. Anti MSM lies. Anti Imperialism. Anti Globalism. Anti Racism. We sanctioned ourselves. #JCwasright. Drain the Swamp. 🌹💯IFB,"England, United Kingdom",2017-01-15 20:03:47+00:00,False,False,,2022-02-24 00:00:00+00:00,1865,misinfo
1501461950735257602,https://twitter.com/mfa_russia/status/1501461950735257602,,"❗  Classified documents (order by the Commander National Guard of Ukraine) acquired by @mod_russia confirm without a shadow of a doubt: the Kiev regime was covertly preparing an offensive operation against #Donbass, scheduled for March 2022.  In detail: https://t.co/wbeO1sEQnH https://t.co/sBzqlMrThY",Wed Mar 09 07:36:39 +0000 2022,4077,2065,en,255471924,MFA Russia 🇷🇺,mfa_russia,https://twitter.com/mfa_russia,,0.0,,514069,1443,20979,5000,66663,Ministry of Foreign Affairs of Russia 🇷🇺 (Official account) | Country's account @Russia | По-русски @MID_RF | Español @MAE_Rusia | Arabic - @russia_ar,Russia,2011-02-21 12:45:22+00:00,True,False,,2022-02-24 00:00:00+00:00,4020,misinfo
1543637942408826881,https://twitter.com/Shamemovement/status/1543637942408826881,,"The anthems of #EU, #Ukraine, #Moldova and #Georgia are being played at the pro-EU rally in #Tbilisi. https://t.co/TVAgcGPjf4",Sun Jul 03 16:48:59 +0000 2022,362,93,en,1144578472326705152,Shame Movement,Shamemovement,https://twitter.com/Shamemovement,,0.6,,9359,1060,10084,67,14741,Welcome to the official Twitter page of the Shame Movement in #Georgia. Reuniting freedom fighters across Georgia since June 2019 🇬🇪,Georgia,2019-06-28 12:09:07+00:00,False,False,,2022-02-24 00:00:00+00:00,971,misinfo
1630740112307810305,https://twitter.com/timand2037/status/1630740112307810305,,Zelensky: U.S. soldiers have to fight and die for the #Kiev regime. “The US will have to send their sons and daughters to fight. And they will be dying.” Think this was part of #Washington's proxy war plan?  https://t.co/roNizO6Hqe https://t.co/lds6R2mSuG,Wed Mar 01 01:21:55 +0000 2023,446,195,en,56575418,tim anderson,timand2037,https://twitter.com/timand2037,,0.1,,111932,1785,37022,902,25355,"Writer, internationalist, academic. Director of the Centre for Counter Hegemonic Studies.  Comment welcome but trolls and abusers will be blocked.","Sydney, Australia.",2009-07-14 02:18:31+00:00,False,False,,2022-02-24 00:00:00+00:00,4607,misinfo
1553452139749560320,https://twitter.com/terror_alarm/status/1553452139749560320,,"""🚨 #ALERT 🇨🇳🇷🇺🇺🇦 | Hundreds of """"retired"""" special forces soldiers from #China have arrived in Eastern #Ukraine and signed up to join the #Russia-backed separatist militias of the Donetsk and Luhansk republics. https://t.co/2ij9nD7fvE""",Sat Jul 30 18:47:06 +0000 2022,1346,750,en,754718787237281792,Terror Alarm,terror_alarm,https://twitter.com/terror_alarm,,0.0,,40871,379,832,346,15434,"""🇮🇱 """"Not state-affiliated media"""" @Terror_Alarm: Counter-Terrorism and World News from ירושלים - ישראל. #IDF #News by #AI admin. Signal: +972559997626""",Disrespect Zionism = BLOCK,2016-07-17 16:45:55+00:00,False,False,,2022-02-24 00:00:00+00:00,2047,misinfo
1520853822771503111,https://twitter.com/zona_bianca/status/1520853822771503111,,"""""""Zelensky ebreo? Lo era anche Hitler"""" A #ZonaBianca Sergej #Lavrov, il ministro degli Esteri russo, sull'influenza nazista sul territorio ucraino. https://t.co/jaZPBcXA4d""",Sun May 01 19:53:02 +0000 2022,520,170,it,1379725290545496066,Zona Bianca,zona_bianca,https://twitter.com/zona_bianca,,2.0,,3065,10,30,23,945,Profilo ufficiale del nuovo programma di attualità e approfondimento condotto da Giuseppe Brindisi e realizzato in collaborazione tra Videonews e Tg4,,2021-04-07 09:18:56+00:00,False,False,,2022-02-24 00:00:00+00:00,322,misinfo
1497886417246212099,https://twitter.com/AnnievonBo/status/1497886417246212099,,Warum werden #BiPoC in der #Ukraine daran gehindert in Züge zu steigen um ausreisen zu können? Lasst die Menschen sich in Sicherheit bringen! #AfricansinUkraine,Sun Feb 27 10:48:45 +0000 2022,16,6,de,1064085253,AnnievonBo,AnnievonBo,https://twitter.com/AnnievonBo,,0.1,,105,351,7355,2,2611,"Antifaschistin, Antirassistin, Klima Aktivistin, Fotografin & Filmerin (she/her) 🏳️‍🌈  Bei @dieUrbane_NRW aktiv.","Bonn, Deutschland",2013-01-05 21:47:31+00:00,False,False,,2022-02-24 00:00:00+00:00,3336,misinfo
1573264124263415808,https://twitter.com/rajavartijat/status/1573264124263415808,,"An updated version of the chart we published earlier today. Exits of Russian citizens via land border have been added. Incoming traffic is now greater than outgoing traffic. Some of the arrivals return to Russia, some also travel onward to other countries. #finnishborder https://t.co/IPBg5nzisc",Fri Sep 23 10:52:51 +0000 2022,52,33,en,2459542196,Rajavartiolaitos,rajavartijat,https://twitter.com/rajavartijat,,0.1,,34555,331,8999,151,5499,Rajavartiolaitos - Gränsbevakningsväsendet -  Finnish Border Guard,Finland,2014-04-23 10:44:05+00:00,True,False,,2022-02-24 00:00:00+00:00,2863,misinfo
1499104628935299072,https://twitter.com/AdityaRajKaul/status/1499104628935299072,,Think for a brief moment.  US/China have been helpless to evacuate their citizens from Ukraine since the war began.  India today managed to stop THE WAR for 6 hours in Kharkiv to let rescue Indian students.  Damn positive about remaining Indian students being rescued soon. 🇮🇳,Wed Mar 02 19:29:30 +0000 2022,22310,4838,en,44425241,Aditya Raj Kaul,AdityaRajKaul,https://twitter.com/AdityaRajKaul,,0.1,,362320,8670,109090,1353,96622,"Executive Editor, TV9. National Security & Strategic Affairs. Tedx Speaker. @ACYPL Fellow. Kashmiri. Reportage: @CBCNews @TimesNow @CNNNews18 @TimesofIndia","New Delhi, India",2009-06-03 18:49:42+00:00,True,False,,2022-02-24 00:00:00+00:00,4648,misinfo
1627818721644544001,https://twitter.com/HotMoozik/status/1627818721644544001,,I’ll eat ice cream wherever the hell I want to eat ice cream. #DarkBrandon #Kyiv #Ukraine #PresidentBiden #Biden https://t.co/YYTF50VWSs,Mon Feb 20 23:53:21 +0000 2023,62,9,en,1192685133540642816,Jamison Eklund,HotMoozik,https://twitter.com/HotMoozik,,1.4,,8680,8771,6941,6,9332,💙🌵 🏳️‍🌈 gay dad 🏳️‍🌈 artist 🏳️‍🌈 vote blue 🏳️‍🌈 blm 🏳️‍🌈 stop asian hate 🏳️‍🌈 lgbtqia 🏳️‍🌈 voter rights 🏳️‍🌈 women’s rights 🌵💙,"Sedona, AZ",2019-11-08 06:08:10+00:00,False,False,,2022-02-24 00:00:00+00:00,838,misinfo
1509871449661755437,https://twitter.com/policia/status/1509871449661755437,,"🚩Detenido en #Madrid un hombre por trata de seres humanos y sustracción de menores procedentes de #Ucrania   Se hacía pasar por familiar de dos chicas de 15 y 16 años, procedentes de #Jerson, a las que pretendía trasladar hasta #Málaga   https://t.co/YDKjCIXScu  #SomosTuPolicía",Fri Apr 01 12:33:00 +0000 2022,478,125,es,23791197,Policía Nacional,policia,https://twitter.com/policia,,3.0,,3654970,0,33435,7933,41472,"En caso de urgencia, llámanos: 091 https://t.co/hl2HN4MJZQ https://t.co/lzQmnWHTOW https://t.co/Yf06hsh8ui https://t.co/XN9qbC0d3d",España,2009-03-11 17:02:34+00:00,True,False,,2022-02-24 00:00:00+00:00,4732,misinfo
1600476492734963712,https://twitter.com/efelsenthal/status/1600476492734963712,,"For proving that courage can be as contagious as fear, for stirring people to come together in defense of freedom, for reminding the world of the fragility of democracy—and of peace—Zelensky &amp; the spirit of Ukraine are @TIME’s 2022 Person of the Year. https://t.co/oDukoxIxU3 https://t.co/D4tbqvWKHE",Wed Dec 07 13:05:05 +0000 2022,897,228,en,14338406,Edward Felsenthal,efelsenthal,https://twitter.com/efelsenthal,,0.4,,10202,943,1011,202,2267,"Editor in Chief, TIME. Join us @ http://time.com/subscribe",,2008-04-09 02:51:10+00:00,True,False,,2022-02-24 00:00:00+00:00,5068,misinfo
1511069211497537544,https://twitter.com/BNONews/status/1511069211497537544,,"BREAKING: Satellite photos show bodies lay in Bucha for weeks, disproving Russia's claim that the scene was staged after they left - NYT https://t.co/QC32f37lXV",Mon Apr 04 19:52:28 +0000 2022,10927,3970,en,189305014,BNO News,BNONews,https://twitter.com/BNONews,,0.1,,378976,6,171,4918,21176,Breaking news and developing stories from the U.S. and around the world. Other accounts: @BNODesk (coronavirus) and @BNONoticias. Telegram: http://t.me/bnonews,,2010-09-10 22:43:34+00:00,True,False,,2022-02-24 00:00:00+00:00,4184,misinfo
1540010874349436934,https://twitter.com/JanPraet1/status/1540010874349436934,,De haat in #Polen tegen #Rusland gaat wel heel ver. Sticker zoals hieronder werden teruggevonden in Auschwitz. Volledig af te keuren. #Ukraine️War https://t.co/1MAexkPLUu,Thu Jun 23 16:36:19 +0000 2022,0,0,nl,1025660412396793856,Jan Praet,JanPraet1,https://twitter.com/JanPraet1,,0.3,,392,333,5838,1,8697,Oorlogscorrespondent achter mijn lap top . worry about world peace,"Flanders, North Sea scout",2018-08-04 08:31:12+00:00,False,False,,2022-02-24 00:00:00+00:00,1299,misinfo
1611652246457950212,https://twitter.com/propeertys/status/1611652246457950212,,"Naczelny lekarz Wagner PMC, Antonina Zakharova, została schwytana na #Ukraine Pamiętacie zdjęcia ludzi torturowanych przez wyrywanie im koron i zębów? To była jej robota 👇 https://t.co/Zw9N5Uvjx8",Sat Jan 07 09:13:33 +0000 2023,2842,543,pl,1247260723480231939,⬜️🟥⬜️#Belarus 🤝 #Ukraine 🇺🇦🇺🇦🇺🇦,propeertys,https://twitter.com/propeertys,,2.2,,18320,14519,237610,74,79776,#Belarus #Ukraine 🇺🇦 #SilniRazem #NAFO #Fellas ✌️Backup @Belarus78601218,"Stamford, England 🇬🇧",2020-04-06 20:32:14+00:00,False,False,bot,2022-02-24 00:00:00+00:00,688,misinfo
1510635487710662672,https://twitter.com/Dpol_un/status/1510635487710662672,,#Ukraine is producing fakes to compromise Russian army? What fakes? 🙉🙈🙊 Forget this video where a “corpse” suddenly waves his hand! 🤷🏻‍♂️ It’s all Russian propaganda! Next time they will simply find better actors! #Bucha,Sun Apr 03 15:09:01 +0000 2022,377,187,en,923231030160400384,Dmitry Polyanskiy,Dpol_un,https://twitter.com/Dpol_un,,0.4,,23856,290,4701,344,6371,First Deputy Permanent Representative of Russia 🇷🇺 to the UN. Hate lies and fake news. Dog lover 🐶 Views are my own. Retweet ❌endorsement,"Manhattan, NY",2017-10-25 16:53:25+00:00,True,False,,2022-02-24 00:00:00+00:00,1582,misinfo
1624700232612122624,https://twitter.com/pbtempelaar/status/1624700232612122624,,Het @Het_OM kijkt mee met de landverraders van het Forum voor Destructie. #stemzeweg en #brengzevoorhettribunaal,Sun Feb 12 09:21:35 +0000 2023,74,17,nl,193810125,Pieter Bas - 🇳🇱🇪🇺🇺🇦🍀 🙏🏻🔥❤️‍🔥🦠,pbtempelaar,https://twitter.com/pbtempelaar,,0.7,,457,868,12506,7,7196,"Ik hou van samenwerken en het beste uit elkaar halen. Verschillen breng je samen door de dialoog aan te gaan. Zo niet, voorleggen aan het tribunaal in Den Haag.",Wierden,2010-09-22 18:37:53+00:00,False,False,,2022-02-24 00:00:00+00:00,4172,misinfo
1506246327163891715,https://twitter.com/Ash_Stewart_/status/1506246327163891715,,"#Breaking: An infamous Canadian sniper, known as Wali, rumoured to have been killed by Russians in Ukraine, is alive and well and resting in the Kyiv region before heading back to the front lines  Says he was simply in black-out mode  Spoke to him moments ago. Story coming soon https://t.co/a3QXepiYyK",Tue Mar 22 12:28:03 +0000 2022,27061,4682,en,519321215,Ashleigh Stewart,Ash_Stewart_,https://twitter.com/Ash_Stewart_,,0.3,,39177,985,9674,313,16845,"🥝Journalist @globalnews. Toronto via Dubai, Christchurch, Tokyo & Jakarta. 早稲田大学.",Canada,2012-03-09 08:59:27+00:00,True,False,,2022-02-24 00:00:00+00:00,3638,misinfo
1500010553372454912,https://twitter.com/GirlFromCBE/status/1500010553372454912,,"போர் நடக்கும் போது ரஷ்யா மற்றும் உக்ரைன் இரண்டையும் போரை தற்காலிகமாக ( 6 மணிநேரம் ) நிறுத்த வைத்து, மாணவர்களை வெளியேற்றும் அந்த ஆளுமை நமது பிரதமர் மோடிக்கு தான் உள்ளது.  ~ நம்ம அண்ணாமலை அண்ணா 😍🔥 @annamalai_k   https://t.co/tUPMCHTvlb",Sat Mar 05 07:29:19 +0000 2022,278,91,ta,1465961641212882947,கோவை சரண்யா 💃,GirlFromCBE,https://twitter.com/GirlFromCBE,,1.3,,1987,51,223,2,81,Bridal Designer & BJP Ground working aspirant & சாரா என்னும் சரண்யா,,2021-12-01 08:31:20+00:00,False,False,,2022-02-24 00:00:00+00:00,84,misinfo
1624948136719392768,https://twitter.com/dinamalarweb/status/1624948136719392768,,ரஷ்யா - உக்ரைன் போரை நிறுத்த இந்தியாவிடம் கெஞ்சும் அமெரிக்கா #RussiaUkraineWar #India #Russia  https://t.co/Mp88D3rrA9,Mon Feb 13 01:46:40 +0000 2023,7,1,ta,14448642,Dinamalar,dinamalarweb,https://twitter.com/dinamalarweb,,1.0,,962993,2,22,896,811896,"http://Dinamalar.com is the No.1, Tamil News website in the world.  http://instagram.com/dinamalardaily/ http://t.me/dinamalardaily","39, Whites road, Chennai",2008-04-20 03:01:46+00:00,True,False,,2022-02-24 00:00:00+00:00,5057,misinfo
1497293195763408905,https://twitter.com/poroshenko/status/1497293195763408905,,На фото – пілот МіГ-29. Той самий «Привид Києва».   Він викликає жах у ворогів та гордість в українців 🇺🇦   На його рахунку 6 перемог над російськими пілотами!   З такими потужними захисниками Україна точно переможе! https://t.co/GJLpcJ31Si,Fri Feb 25 19:31:30 +0000 2022,18847,3699,uk,2423747006,Петро Порошенко,poroshenko,https://twitter.com/poroshenko,,0.0,,1255404,55,41,2641,20672,"П’ятий Президент України, 5th President of Ukraine https://t.me/PresidentPoroshenko",,2014-04-02 12:41:51+00:00,True,False,,2022-02-24 00:00:00+00:00,2884,misinfo
1540464862882664449,https://twitter.com/bradyafr/status/1540464862882664449,,"Satellite imagery from today shows a burned area at the site of a recent missile launch failure near Alchevsk, Luhansk Oblast. https://t.co/dqIUt4cxeu",Fri Jun 24 22:40:18 +0000 2022,428,76,en,1564334750,Brady Africk,bradyafr,https://twitter.com/bradyafr,,0.1,,13034,715,2249,321,621,Satellite imagery 🛰🗺🔭 | @AEIfdp Media Relations | Tweets are my own,"Washington, D.C.",2013-07-02 23:18:49+00:00,False,False,,2022-02-24 00:00:00+00:00,3158,misinfo
1516004032292212740,https://twitter.com/worldonalert/status/1516004032292212740,suspended account,The Russian invaders are raising flags of the Soviet Union in Mariupol. Don't forget what Putin's main goal is: The restoration of the Soviet Union. https://t.co/ChySCg2qKE,Mon Apr 18 10:41:41 +0000 2022,2866,992,en,2871364516,WorldOnAlert,worldonalert,https://twitter.com/worldonalert,account suspended,,,138085,548,12695,1647,59520,Anti-Putin account,,2014-11-10 22:29:15+00:00,False,False,,2022-02-24 00:00:00+00:00,2662,misinfo
1517821033725808641,https://twitter.com/TomaszCK1/status/1517821033725808641,,"Pytanie do znawców: Czy w historii konfliktów zbrojnych znane są przypadki, że uchodźcy wojenni wracają do kraju ogarniętego wojną na święta, aby po świętach znowu uciec przed wojną?",Sat Apr 23 11:01:48 +0000 2022,1150,321,pl,2367688310,Zmutowana normalność💉🧬 ☄,TomaszCK1,https://twitter.com/TomaszCK1,,1.1,,15457,1067,266396,52,97993,Konto w dawnych czasach głupawo-satyryczne. Obecnie zgorzkniało-tragiczne.,Göbekli Tepe,2014-03-01 22:07:28+00:00,False,False,,2022-02-24 00:00:00+00:00,2916,misinfo
1496927375367589891,https://twitter.com/ABC/status/1496927375367589891,,"People attend an anti-war protest in Saint Petersburg, Russia, amid Vladimir Putin's invasion of Ukraine.   LIVE UPDATES: https://t.co/rxHToef8pN https://t.co/qetjJqGPOb",Thu Feb 24 19:17:52 +0000 2022,63989,15155,en,28785486,ABC News,ABC,https://twitter.com/ABC,,0.2,01/06/2023,17216836,488,39,64835,377591,"All the news and information you need to see, curated by the @ABC News team. Watch full ABC News broadcasts on @Hulu: http://abcn.ws/3bJ62RK",New York City / Worldwide,2009-04-04 12:40:32+00:00,True,False,,2022-02-24 00:00:00+00:00,4708,misinfo
1547214809170690048,https://twitter.com/ukraine_world/status/1547214809170690048,,This is how the harvesting amid Russia's invasion in Ukraine is taking place. https://t.co/1w5xeu8afD,Wed Jul 13 13:42:11 +0000 2022,7270,2007,en,873135988440223745,UkraineWorld,ukraine_world,https://twitter.com/ukraine_world,,0.1,,208989,1119,2963,3595,13587,"Ukraine in English: news, analysis, podcasts, videos. Run by @InternewsUA. Support us: http://patreon.com/ukraineworld",Ukraine,2017-06-09 11:13:36+00:00,True,False,,2022-02-24 00:00:00+00:00,1720,misinfo
1583398645575331841,https://twitter.com/AtessHz/status/1583398645575331841,,Terrifyingly precise ambush  #Ukraine is hunting Russian tanks with American FGM - 148 Javelin missiles. Have to see to believe it..  #UkraineRussianWar #UkraineRussiaWar️ #UkiLive #ukrainecounteroffensive https://t.co/kin44gw3oY,Fri Oct 21 10:03:49 +0000 2022,445,107,en,1135843277989646337,ArchITect🇳🇬 🇺🇦🇨🇦☄️,AtessHz,https://twitter.com/AtessHz,,0.9,,1995,3013,16934,7,6241,"https://wa.me/message/MPWFBQDK222DJ1  Architect*Estate broker*   I Plan, design, build, renovate. CEO @atessHZconstruction",PLANET EARTH 🌐,2019-06-04 09:38:35+00:00,False,False,,2022-02-24 00:00:00+00:00,995,misinfo
1498094460580016128,https://twitter.com/mkainerugaba/status/1498094460580016128,,The majority of mankind (that are non-white) support Russia's stand in Ukraine.Putin is absolutely right! When the USSR parked nuclear armed missiles in Cuba in 1962 the West was ready to blow up the world over it. Now when NATO does the same they expect Russia to do differently?,Mon Feb 28 00:35:27 +0000 2022,4603,1003,en,2723451553,Muhoozi Kainerugaba,mkainerugaba,https://twitter.com/mkainerugaba,,0.0,,540078,970,717,149,7166,"Official Twitter account of Lt. Gen. Muhoozi Kainerugaba, the SPA/SO & Commander of Land Forces (UPDF). Tweets by Gen. Muhoozi will be signed off with 'MK'.",,2014-08-11 07:44:30+00:00,True,False,,2022-02-24 00:00:00+00:00,2753,misinfo
1523269894346838016,https://twitter.com/good_ukraine/status/1523269894346838016,,Kyiv metro.  Just the legendary Bono from the band U2 sings with Taras Topola. We are unbreakable.  We are invincible.  The whole world supports us. Glory to Ukraine!  🇺🇦 #Bono #U2 #StandWithUkraine #Artists https://t.co/7QqoQ1jVtr,Sun May 08 11:53:38 +0000 2022,3565,1014,en,1507330954578247682,"Good morning, Ukraine",good_ukraine,https://twitter.com/good_ukraine,,1.8,,405,48,88,4,241,I film unique scenes during the wartime in Ukraine from the perspective of ordinary people like me and share these stories with you in my videos.,Ukraine,2022-03-25 12:18:18+00:00,False,False,,2022-02-24 00:00:00+00:00,-30,misinfo
1598005213008650242,https://twitter.com/ramonfonsecamor/status/1598005213008650242,,Así ven a Zelensky en Paris https://t.co/nyo76Tgei0,Wed Nov 30 17:25:06 +0000 2022,16,14,es,89584864,Ramon Fonseca Mora,ramonfonsecamor,https://twitter.com/ramonfonsecamor,,1.1,,30947,3115,501,123,169917,escritor y soñador.,"Ciudad de Panamá, PA",2009-11-13 00:40:17+00:00,True,False,,2022-02-24 00:00:00+00:00,4485,misinfo
1505252151672643596,https://twitter.com/rubengluengas/status/1505252151672643596,,"¿Graba Zelensky sus mensajes con un croma, en un estudio de grabación pretendiendo que sigue en Kiev? https://t.co/XCV5HMTHjv",Sat Mar 19 18:37:33 +0000 2022,1425,767,es,193096110,Rubén Luengas,rubengluengas,https://twitter.com/rubengluengas,,0.1,,100280,4785,13540,683,60917,Periodista: contra el entretenimiento disfrazado de noticia. https://www.youtube.com/rubengluengas http://t.me/eltiempoentrenoticias,Ciudad de México y LA,2010-09-20 23:34:58+00:00,False,False,,2022-02-24 00:00:00+00:00,4174,misinfo
1577081450263769089,https://twitter.com/elonmusk/status/1577081450263769089,,"@Kasparov63 We gave Starlinks to Ukraine &amp; lost $80M+ in doing so, while putting SpaceX &amp; myself at serious risk of Russian cyberattack.  What have you done besides tweet?",Mon Oct 03 23:41:33 +0000 2022,83793,11204,en,44196397,Elon Musk,elonmusk,https://twitter.com/elonmusk,,0.0,,108465612,123,15186,98477,19574,,,2009-06-02 20:12:29+00:00,True,False,,2022-02-24 00:00:00+00:00,4649,misinfo
1534559567530582016,https://twitter.com/bmel/status/1534559567530582016,,"BM @cem_oezdemir ist unterwegs nach #Polen 🇵🇱 zum Antrittsbesuch bei @Kowalczyk_H, Amtskollege und stellvertretender Ministerpräsident.  Im Fokus des Besuches stehen die Folgen des #Ukraine|krieges auf die globale #Ernährungssicherung sowie die Bekämpfung der #ASP. https://t.co/WvY5uGB4z3",Wed Jun 08 15:34:46 +0000 2022,157,34,de,322697372,BMEL,bmel,https://twitter.com/bmel,,0.11,,62828,477,1312,789,10310,Bundesministerium für #Ernährung und #Landwirtschaft Impressum: http://bmel.de/impresssum,Bonn / Berlin,2011-06-23 16:06:55+00:00,True,False,,2022-02-24 00:00:00+00:00,3898,misinfo
1584856898586624000,https://twitter.com/orsettiblue/status/1584856898586624000,,🇩🇪#Zeledyson nuova generazione  Una copertina della rivista tedesca #Titanic che mostra come gli europei vedono il piccolo presidente affamato con i suoi appetiti esorbitanti. Ma l'Occidente continua ancora ad alimentarlo🤯  #Zelensky #Ukraine️ #ucraine #RussianUkrainianWar https://t.co/qSmILRl39V,Tue Oct 25 10:38:24 +0000 2022,1,1,it,1445522606459736069,Orsettablue,orsettiblue,https://twitter.com/orsettiblue,,0.9,,195,45,11703,5,3159,Sweet devil,,2021-10-05 22:53:57+00:00,False,False,,2022-02-24 00:00:00+00:00,141,misinfo
1629564962371674112,https://twitter.com/CaptKylePatriot/status/1629564962371674112,,🔥Zelensky Double Trouble🔥 🧐Take Note...Something's Going On🧐  Courtesy of Josh Masters   @EightQBall https://t.co/JnexYjMf1a,Sat Feb 25 19:32:17 +0000 2023,80,52,en,1444120182847426563,Capt Kyle,CaptKylePatriot,https://twitter.com/CaptKylePatriot,,1.5,,3182,321,173,1,263,Help a brother rebuild once again. This is getting so Old.. Tired of doing over and over.. This will be over soon..  Telegram  https://t.me/CaptKylePatriots,,2021-10-02 02:01:11+00:00,False,False,,2022-02-24 00:00:00+00:00,144,misinfo
1568657110560301057,https://twitter.com/Dpol_un/status/1568657110560301057,,That’s what we are doing - cleaning up a swastika from #NaziUkraine. It’s good that the UK public is still vigilant to glorification of Nazism in their country. Hopefully it’s the first step to acknowledgment of the scope that #NeoNazism has taken in #Ukraine,Sat Sep 10 17:46:14 +0000 2022,254,105,en,923231030160400384,Dmitry Polyanskiy,Dpol_un,https://twitter.com/Dpol_un,,0.4,,29589,322,5435,422,7206,First Deputy Permanent Representative of Russia 🇷🇺 to the UN. Hate lies and fake news. Dog lover 🐶 Views are my own. Retweet ❌endorsement,"Manhattan, NY",2017-10-25 16:53:25+00:00,True,False,,2022-02-24 00:00:00+00:00,1582,misinfo
1521896565958496263,https://twitter.com/YuriiKazakov/status/1521896565958496263,,"Que ahora dicen los canadienses (según un comunicado del ministerio de defensa) que el tal Trevor John Cadieu, general -o lo que fuera- detenido por los rusos en Mariúpol, ya no pertenece al personal del ejército canadiense. Presentó su dimisión para instalarse en Ucrania.Claaaro https://t.co/IY6SpPzYm1",Wed May 04 16:56:31 +0000 2022,1598,956,es,929928174728810496,Yurii Kazakov,YuriiKazakov,https://twitter.com/YuriiKazakov,,0.6,,6855,1614,85849,53,30869,Cosas húngaras y eslavas,Mare Moscoviense,2017-11-13 04:25:28+00:00,False,False,,2022-02-24 00:00:00+00:00,1563,misinfo
1540195160310665217,https://twitter.com/Osinttechnical/status/1540195160310665217,,"Alchevs'k, Luhansk Oblast, a Russian SAM fails during launch https://t.co/CKZcqZBEvj",Fri Jun 24 04:48:36 +0000 2022,17949,3290,en,1188329290162675713,OSINTtechnical,Osinttechnical,https://twitter.com/Osinttechnical,,0.0,,564435,747,947,10295,21367,Someone called me a defense journalist once. @TheOsintBunker cohost and editor. Slightly lost American with @UKDefJournal.,Depends on the week,2019-10-27 05:39:21+00:00,False,False,,2022-02-24 00:00:00+00:00,850,misinfo
1505964908516712459,https://twitter.com/GloryToTheCPSU/status/1505964908516712459,,This is what StandWithUkraine means: https://t.co/0wwYNRPPvH,Mon Mar 21 17:49:48 +0000 2022,6826,2099,en,1363250767864422404,слава КПСС,GloryToTheCPSU,https://twitter.com/GloryToTheCPSU,,0.7,,1038,412,5219,6,3257,Yankee Go Home / 美国人回家 / أميركا، عودي من حيث جئتِ 🔞Minors & 🚫American Paperwork Holders DNI  #NotoNATO #FreePalestine #FreeKorea,Chongqing,2021-02-20 22:14:52+00:00,False,False,,2022-02-24 00:00:00+00:00,368,misinfo
1501313109520175104,https://twitter.com/ggreenwald/status/1501313109520175104,,"""Ukraine has """"biological research facilities,"""" says Undersecretary of State Victoria Nuland, when asked by Sen Rubio if Ukraine has biological or chemical weapons, and says she's worried Russia may get them. But she says she's 100% sure if there's a biological attack, it's Russia. https://t.co/uo3dHDMfAS""",Tue Mar 08 21:45:13 +0000 2022,23084,11837,en,16076032,Glenn Greenwald,ggreenwald,https://twitter.com/ggreenwald,,0.0,,1794546,992,16053,21131,78117,"""Journalist; Author, """"Securing Democracy""""; Co-Founder, The Intercept; Columnist, @CartaCapital; HOPE Shelter (@abrigo_hope); vegan; Insta: Glenn.11.Greenwald""",GlennGreenwald@gmail.com,2008-09-01 03:13:32+00:00,True,False,,2022-02-24 00:00:00+00:00,4923,misinfo
1501123496797167617,https://twitter.com/WFPChief/status/1501123496797167617,,"The bullets and bombs in #Ukraine could take the global hunger crisis to catastrophic levels. Supply chains and food prices will be dramatically impacted. @WFP's operational costs alone will rise by $60-75 million per month.  Simply put, higher costs = less food and more hunger. https://t.co/XBHmPFKpAb",Tue Mar 08 09:11:45 +0000 2022,172,115,en,849183802777882624,David Beasley,WFPChief,https://twitter.com/WFPChief,,0.1,,86167,532,3863,429,2926,"The official account of the Executive Director for the UN World Food Programme @WFP, David Beasley. Working to achieve a world with #ZeroHunger.","Rome, Italy",2017-04-04 08:56:10+00:00,True,False,,2022-02-24 00:00:00+00:00,1786,misinfo
1572933927383470080,https://twitter.com/sotiridi/status/1572933927383470080,,"#Breaking: just in - A traffic jam on the border crossing between #Russia and #Georgia has now been piled up to 15KM, of Russian civilians fleeing the country, after #Putin said he will send 300.000 new troops to #Ukraine yesterday, some are being rejected entry. https://t.co/pSJNwM8GG4",Thu Sep 22 13:00:46 +0000 2022,86,46,en,80571323,Sotiri Dimpinoudis,sotiridi,https://twitter.com/sotiridi,,3.0,,29781,4180,3434,364,26609,Independent freelance Journalist | Gaming nerd | Tech and Space Nerd | Trance Fanatic | Politics Junkie | 🇧🇪 🇬🇷 🇨🇾 🇺🇸 Threads,"Europe, Belgium",2009-10-07 13:04:43+00:00,False,False,,2022-02-24 00:00:00+00:00,4522,misinfo
1501954852531974152,https://twitter.com/CBSMornings/status/1501954852531974152,,"A maternity and children’s hospital in the port city of Mariupol, Ukraine was bombed, forcing pregnant mothers, doctors and children to flee — and trapping others underneath the rubble. https://t.co/6GFJdwtter https://t.co/nK8idHpGy1",Thu Mar 10 16:15:16 +0000 2022,39,33,en,17134268,CBS Mornings,CBSMornings,https://twitter.com/CBSMornings,,0.0,,481074,2111,11894,4738,168540,"Impactful journalism + exquisite storytelling. Watch @CBSMornings weekdays from 7-9 a.m. with @GayleKing, @TonyDokoupil and @NateBurleson on @CBS.",United States,2008-11-03 17:05:29+00:00,True,False,,2022-02-24 00:00:00+00:00,4860,misinfo
1572905068168609793,https://twitter.com/andreibc/status/1572905068168609793,,Mobilization in Russia. Day 2. #UkraineRussiaWar https://t.co/8Y1iLDLymj,Thu Sep 22 11:06:06 +0000 2022,7657,1582,en,136319016,andrei,andreibc,https://twitter.com/andreibc,,0.8,,114,48,279,5,1860,,,2010-04-23 16:02:26+00:00,False,False,,2022-02-24 00:00:00+00:00,4324,misinfo
1499974719755350020,https://twitter.com/SefetiSera/status/1499974719755350020,,"Another fallen hero, former beauty queen of Ukraine Natasha Peracov, the first Ukrainian pilot to have died after being severely injured, our thoughts and prayers goes out to the citizens and her family and friends.  #PrayForUkraine  #PutinWarCrimes https://t.co/shfeJqpKye",Sat Mar 05 05:06:56 +0000 2022,719,152,en,1310812375914749954,Sera Tikotikovatu-Sefeti,SefetiSera,https://twitter.com/SefetiSera,,2.3,,218,506,275,4,266,"Island Girl to the bone, a mom, a wife, pacific environmental reporter, freelancer, a zest for life and passionate about making a difference.","Suva, Fiji",2020-09-29 05:23:34+00:00,False,False,,2022-02-24 00:00:00+00:00,512,misinfo
1605716301544054784,https://twitter.com/FLOTUS/status/1605716301544054784,,"President Zelenskyy, we hope you take our love and support back to Olena and your children, and all the families of Ukraine. 💕 https://t.co/z1uqAAl8B8",Thu Dec 22 00:06:13 +0000 2022,58295,4810,en,1349154719386775552,Jill Biden,FLOTUS,https://twitter.com/FLOTUS,,0.0,,4129039,5,64,5824,652,First Lady of the United States Jill Biden. Community college educator. Military mother. Grandmother. Wife of @POTUS.,,2021-01-13 00:57:47+00:00,True,False,,2022-02-24 00:00:00+00:00,406,misinfo
1556027587754958848,https://twitter.com/dragonduclos/status/1556027587754958848,,"L'énorme gaffe de G. Attal qui voulant toujours en faire trop, avoue stupidement qu'en violation du protocole de Minsk, la France a continué à armer l'Ukraine depuis 2014... lui permettant de pilonner le Donbass !  Le conflit Ukraine-Russie est-il vraiment initié par la Russie ? https://t.co/EDWlcpPzxv",Sat Aug 06 21:21:01 +0000 2022,8252,6166,fr,827151086733635584,Barbara78,dragonduclos,https://twitter.com/dragonduclos,,1.8,,30031,11241,130242,70,88766,La chose la plus difficile est de n’attribuer aucune importance aux choses qui n’ont aucune importance - Charles de Gaulle -,"Ile-de-France, France",2017-02-02 13:46:01+00:00,False,False,,2022-02-24 00:00:00+00:00,1847,misinfo
1509564601352048643,https://twitter.com/Humbert76773864/status/1509564601352048643,,"""Most watched Russian TV show discussing which American politicians are most loyal to Putin. They call them """"elite 8"""" https://t.co/vvchtDO1s0""",Thu Mar 31 16:13:41 +0000 2022,12051,8344,en,1312668902032277511,Humberto,Humbert76773864,https://twitter.com/Humbert76773864,,1.4,,956,2231,8553,4,2591,"47 years old, European guy,  Democrat, against racism, street MMA, and world citizen concerned about the state of international politcs 🇺🇦",,2020-10-04 08:20:44+00:00,False,False,,2022-02-24 00:00:00+00:00,507,misinfo
1599706306717552640,https://twitter.com/KpsZSU/status/1599706306717552640,,"""Yesterday, around 2:00 p.m., a unit of the Dnipro anti-aircraft missile brigade of the Air Command """"East"""" shot down an enemy Ka-52 helicopter.  Glory to Ukraine! Death to enemies! https://t.co/Lu7sT8UCY9""",Mon Dec 05 10:04:39 +0000 2022,831,72,en,1505100747393880074,Ukrainian Air Force,KpsZSU,https://twitter.com/KpsZSU,,0.1,,148105,159,168,1647,346,Official account of Air Force of the Armed Forces of Ukraine.  http://facebook.com/kpszsu http://t.me/kpszsu https://www.instagram.com/air.force.ua.official/,"вул. Стрілецька, 105 Vinnytsia",2022-03-19 08:36:19+00:00,True,False,,2022-02-24 00:00:00+00:00,-24,misinfo
1501679543676915719,https://twitter.com/EmbRusiaMexico/status/1501679543676915719,,"🇷🇺#Rusia exige explicaciones a #EEUU sobre sus laboratorios biológicos en #Ucrania🇺🇦  ☣️Estos laboratorios, supervisados por los expertos🇺🇸, se desarrollaron con fines #militares, trabajando con patógenos peligrosos de la peste, ántrax, cólera, etc  ➡️https://t.co/6tvkSVasS2 https://t.co/JPnkg1lRVX",Wed Mar 09 22:01:17 +0000 2022,2211,1426,es,1219583316,Embajada de Rusia en México,EmbRusiaMexico,https://twitter.com/EmbRusiaMexico,,0.1,,58636,500,1885,266,10784,Embajada de Rusia en México // Посольство России в Мексике 🇷🇺🤝🇲🇽 Nuestra cuenta en Telegram http://t.me/embrusiamexico,Ciudad de México,2013-02-25 19:15:06+00:00,True,False,,2022-02-24 00:00:00+00:00,3285,misinfo
1497123956318523392,https://twitter.com/AlexKhrebet/status/1497123956318523392,,An armed #Russia's vehicle ran over a civilian car just on the streets of Obolon district in Kyiv. #Ukraine https://t.co/JgbshmBEhN,Fri Feb 25 08:19:01 +0000 2022,4327,1809,en,86302370,Alexander Khrebet/Олександр Хребет,AlexKhrebet,https://twitter.com/AlexKhrebet,,0.6,30/05/2023,7589,998,6356,413,16911,@ZN_UA's international desk editor  Редактор видання Дзеркало тижня  #Ukraine and post-Soviet area a.khrebet@zn.ua khrebetis@gmail.com,"Kyiv, Donetsk, Ukraine",2009-10-30 12:36:36+00:00,True,False,,2022-02-24 00:00:00+00:00,4499,misinfo
1497441405236658177,https://twitter.com/dailydyl/status/1497441405236658177,limited engagement,"This image is *not* current.  It was published on Facebook in 2016 by Dmitry Muravsky, a volunteer photographer for Ukraine’s defense ministry who was dismissed following accusations by soldiers and local photographers that he staged a series of combat photos.",Sat Feb 26 05:20:26 +0000 2022,2988,772,en,2291880085,dylan scott,dailydyl,https://twitter.com/dailydyl,protected view,,,607,867,9145,12,301,"social, search, etc. @NPR",brooklyn,2014-01-15 00:08:44+00:00,True,False,,2022-02-24 00:00:00+00:00,2961,misinfo
1501097719733145605,https://twitter.com/isabelschayani/status/1501097719733145605,,"Dieses Bild zeigte uns gestern eine Frau aus #Kiev, als sie es nach #Polen geschafft hatte. Das ist #Charkiv.   Dann hab ich besser verstanden, warum wir so viele Menschen aus Charkiv gleich hinter der Grenze getroffen haben. Sie werden die ersten gewesen sein. #Ukraine️ https://t.co/oBrOCnWYbM",Tue Mar 08 07:29:20 +0000 2022,452,107,de,2480764313,Isabel Schayani,isabelschayani,https://twitter.com/isabelschayani,,0.0,,40898,305,3771,266,4951,"Mache mit bei #WDRforyou,Kanal f Menschen,d hier neu sind, moderiere mit beim @Weltspiegel_ARD.Hier privat. Latest: https://www.youtube.com/watch?v=24--zD_VvvM","Köln, Deutschland",2014-04-13 06:23:27+00:00,True,False,,2022-02-24 00:00:00+00:00,2873,misinfo
1525643355106906112,https://twitter.com/LeverseeKevin/status/1525643355106906112,suspended account,"Ukraine wins Eurovision then they throw a Sig Heil Nazi salute on global television Yes this really happened.  I keep telling you all UKRAINE HAS A HUGE NAZI PROBLEM Last year over 100,000 soccer (football) fans in Kiev did the Sig Heil and waved Nazi flags Keep being brainwashed https://t.co/7xOqu6Hhwj",Sun May 15 01:04:55 +0000 2022,26,11,en,1424310025908981762,Kevin '1776 bitches' Leversee,LeverseeKevin,https://twitter.com/LeverseeKevin,account suspended,,,592,2764,27524,5,17202,"Free Speech is not a Conditional Concept, Father, Startup, Space Dude, ex US Army Signal Nerd, Road Less Travelled, I cook & build Startups follow @support_lane",Philippines,2021-08-08 10:02:51+00:00,False,False,,2022-02-24 00:00:00+00:00,199,misinfo
1595030480650395649,https://twitter.com/HaMuFa2020/status/1595030480650395649,suspended account,"""#Ukrainian football fans drew #Hitler mustache and """"Sieg Heil"""" on the official mascot of the championship in #Qatar.   There're no Nazis in Ukraine, right?  #Ukraine️ #FIFAWorldCup #UkraineWar #Qatar #Ukronazis https://t.co/oZQBc89OIO""",Tue Nov 22 12:24:35 +0000 2022,51,27,en,1491774030193598465,CommonSense,HaMuFa2020,https://twitter.com/HaMuFa2020,account suspended,,,450,598,77,0,2753,"Common Sense is a flower, that doesn't grow in everyone's garden",Österreich,2022-02-10 14:00:37+00:00,False,False,,2022-02-24 00:00:00+00:00,13,misinfo
1497834538843660291,https://twitter.com/Ukraine/status/1497834538843660291,,"People call him the Ghost of Kyiv. And rightly so — this UAF ace dominates the skies over our capital and country, and has already become a nightmare for invading Russian aircrafts. https://t.co/lngfaMN01I",Sun Feb 27 07:22:37 +0000 2022,81320,13362,en,732521058507620356,Ukraine / Україна,Ukraine,https://twitter.com/Ukraine,,0.0,,1909317,24,435,6921,1778,"Yes, this is the official Twitter account of Ukraine. Nice pics: #BeautifulUkraine⛰ Our music: #UkieBeats🎶",Ukraine,2016-05-17 10:40:04+00:00,True,False,,2022-02-24 00:00:00+00:00,2108,misinfo
